0,1,2,3,4,5,6,7,8,9
Jack Grealish,2018,35,6,8,5,0,0,3031,
Jack Grealish,2019,41,10,8,8,0,0,3550,
Jack Grealish,2020,27,7,12,5,0,0,2275,
Jack Grealish,2021,29,4,3,2,0,0,2110,
Romelu Lukaku,2018,45,15,4,5,0,0,3001,
Romelu Lukaku,2019,51,34,6,2,0,0,4189,
Romelu Lukaku,2020,44,30,10,7,0,0,3565,
Romelu Lukaku,2021,34,12,2,0,0,0,2247,
Jadon Sancho,2018,43,13,20,3,0,0,2967,
Jadon Sancho,2019,44,20,20,2,0,0,3274,
Jadon Sancho,2020,38,16,20,1,0,0,2974,
Jadon Sancho,2021,33,5,3,0,0,0,2078,
Dusan Vlahovic,2018,31,19,1,3,0,0,1946,
Dusan Vlahovic,2019,35,9,2,5,0,1,1889,
Dusan Vlahovic,2020,40,21,2,1,0,0,3090,
Dusan Vlahovic,2021,35,25,6,4,0,0,2942,
Lionel Messi,2018,50,51,22,3,0,0,4023,
Lionel Messi,2019,44,31,27,7,0,0,3810,
Lionel Messi,2020,47,38,14,6,0,1,4192,
Lionel Messi,2021,26,7,11,1,0,0,2152,
Raphaël Varane,2018,43,2,0,1,0,1,3775,
Raphaël Varane,2019,43,3,1,3,0,0,3843,
Raphaël Varane,2020,41,2,0,4,0,0,3571,
Raphaël Varane,2021,24,0,1,1,0,0,1911,
Achraf Hakimi,2018,28,3,7,5,0,0,2349,
Achraf Hakimi,2019,45,9,10,5,0,0,3571,
Achraf Hakimi,2020,45,7,11,9,0,0,3211,
Achraf Hakimi,2021,32,3,4,5,0,1,2597,
Dayot Upamecano,2018,22,0,0,6,0,0,1852,
Dayot Upamecano,2019,38,0,2,9,1,0,3182,
Dayot Upamecano,2020,41,1,1,10,0,0,3407,
Dayot Upamecano,2021,30,1,4,6,0,0,2294,
Antoine Griezmann,2018,48,21,10,8,0,0,4068,
Antoine Griezmann,2019,48,15,4,4,0,0,3499,
Antoine Griezmann,2020,51,20,13,5,0,0,3903,
Antoine Griezmann,2021,28,8,5,2,0,1,1811,
Gianluigi Donnarumma,2018,39,0,5,0,0,32,15,3362.0
Gianluigi Donnarumma,2019,39,0,3,0,0,45,14,3502.0
Gianluigi Donnarumma,2020,48,0,3,0,1,54,15,4350.0
Gianluigi Donnarumma,2021,19,0,3,0,0,17,8,1710.0
Ben White,2018,24,1,4,2,0,0,2089,
Ben White,2019,49,1,2,6,0,0,4364,
Ben White,2020,39,0,0,3,1,0,3465,
Ben White,2021,31,0,0,1,0,0,2738,
Ferran Torres,2018,37,3,2,6,0,0,1747,
Ferran Torres,2019,44,6,8,6,0,0,3104,
Ferran Torres,2020,36,13,3,1,0,0,2111,
Ferran Torres,2021,21,9,6,1,0,0,1635,
Eduardo Camavinga,2018,7,0,0,1,0,0,364,
Eduardo Camavinga,2019,36,1,2,6,0,1,2783,
Eduardo Camavinga,2020,39,1,3,7,0,0,2742,
Eduardo Camavinga,2021,34,2,1,7,0,0,1226,
David Alaba,2018,43,3,7,4,0,0,3631,
David Alaba,2019,42,2,2,1,0,0,3693,
David Alaba,2020,45,2,7,7,0,0,3793,
David Alaba,2021,38,2,4,4,0,0,3413,
André Silva,2018,40,11,3,4,0,0,2839,
André Silva,2019,38,16,5,4,0,0,2563,
André Silva,2020,34,29,10,1,0,0,2953,
André Silva,2021,39,15,8,2,0,0,2541,
Cristiano Ronaldo,2018,43,28,11,4,0,1,3646,
Cristiano Ronaldo,2019,46,37,7,3,0,0,4081,
Cristiano Ronaldo,2020,44,36,4,5,0,0,3751,
Cristiano Ronaldo,2021,33,18,3,7,0,0,2681,
Memphis Depay,2018,47,12,16,5,0,0,3537,
Memphis Depay,2019,22,15,2,1,0,0,1695,
Memphis Depay,2020,40,22,12,5,0,0,3113,
Memphis Depay,2021,29,10,2,4,0,0,2075,
Bruno Guimarães,2018,35,4,3,7,0,0,2852,
Bruno Guimarães,2019,9,0,0,2,0,0,720,
Bruno Guimarães,2020,37,3,2,6,0,0,2003,
Bruno Guimarães,2021,33,1,6,3,0,0,2157,
Marcel Sabitzer,2018,43,5,6,11,0,0,3287,
Marcel Sabitzer,2019,44,16,11,6,0,0,3558,
Marcel Sabitzer,2020,39,9,7,10,0,0,2969,
Marcel Sabitzer,2021,26,0,0,2,0,0,918,
Ibrahima Konaté,2018,43,3,1,9,0,0,3666,
Ibrahima Konaté,2019,11,0,0,3,0,0,771,
Ibrahima Konaté,2020,21,1,0,4,0,0,1287,
Ibrahima Konaté,2021,19,0,1,4,0,0,1558,
Tammy Abraham,2018,42,26,3,3,0,0,3561,
Tammy Abraham,2019,47,18,6,2,0,0,2960,
Tammy Abraham,2020,32,12,6,0,0,0,1533,
Tammy Abraham,2021,40,23,4,9,0,0,3174,
Martin Ødegaard,2018,39,11,12,4,0,0,3288,
Martin Ødegaard,2019,36,7,9,4,0,0,2934,
Martin Ødegaard,2020,29,2,2,0,0,0,1657,
Martin Ødegaard,2021,30,5,4,2,0,0,2207,
Saúl Ñíguez,2018,45,6,3,11,0,0,3911,
Saúl Ñíguez,2019,47,7,0,13,0,0,4246,
Saúl Ñíguez,2020,41,2,1,12,0,0,2673,
Saúl Ñíguez,2021,23,1,1,3,0,0,1261,
Emiliano Buendía,2018,41,8,17,7,0,1,3053,
Emiliano Buendía,2019,39,1,8,6,0,1,2685,
Emiliano Buendía,2020,41,15,17,4,2,0,3383,
Emiliano Buendía,2021,28,2,4,1,0,0,1713,
Rodrigo de Paul,2018,37,9,7,7,0,0,3314,
Rodrigo de Paul,2019,35,7,7,5,0,1,2917,
Rodrigo de Paul,2020,38,9,11,3,1,1,3400,
Rodrigo de Paul,2021,37,2,2,7,0,0,2417,
Tanguy Ndombélé,2018,49,3,8,3,0,0,3878,
Tanguy Ndombélé,2019,29,2,4,4,0,0,1446,
Tanguy Ndombélé,2020,46,6,4,4,0,0,2828,
Tanguy Ndombélé,2021,23,2,2,3,0,0,1459,
Kurt Zouma,2018,36,2,2,3,1,0,2924,
Kurt Zouma,2019,43,1,3,9,0,0,3704,
Kurt Zouma,2020,36,5,0,3,0,0,2948,
Kurt Zouma,2021,24,1,0,2,0,0,2177,
Leon Bailey,2018,39,5,5,5,0,0,2553,
Leon Bailey,2019,33,7,3,0,0,2,1465,
Leon Bailey,2020,40,15,11,7,0,0,2857,
Leon Bailey,2021,14,1,2,2,0,0,514,
Angeliño,2018,43,1,12,6,0,0,3860,
Angeliño,2019,31,1,7,3,0,0,2527,
Angeliño,2020,37,8,11,5,0,0,3162,
Angeliño,2021,34,2,11,3,1,0,2806,
Cristian Romero,2018,29,2,1,10,1,1,2519,
Cristian Romero,2019,33,1,2,14,1,0,2880,
Cristian Romero,2020,42,3,5,15,0,0,3532,
Cristian Romero,2021,24,1,0,10,1,0,2011,
Moise Kean,2018,17,7,0,2,0,0,661,
Moise Kean,2019,33,2,2,1,0,0,1024,
Moise Kean,2020,45,19,1,5,0,0,2472,
Moise Kean,2021,34,5,2,3,0,1,1138,
Hakan Calhanoglu,2018,46,4,13,6,0,0,3547,
Hakan Calhanoglu,2019,38,11,9,6,0,0,2931,
Hakan Calhanoglu,2020,43,9,12,4,0,0,3348,
Hakan Calhanoglu,2021,36,6,9,7,0,0,2539,
Cristian Romero,2018,29,2,1,10,1,1,2519,
Cristian Romero,2019,33,1,2,14,1,0,2880,
Cristian Romero,2020,42,3,5,15,0,0,3532,
Cristian Romero,2021,24,1,0,10,1,0,2011,
Manuel Locatelli,2018,31,3,4,8,0,0,2028,
Manuel Locatelli,2019,34,0,4,9,0,0,2671,
Manuel Locatelli,2020,34,4,3,9,0,0,2885,
Manuel Locatelli,2021,39,3,5,6,0,0,2812,
Robin Gosens,2018,36,3,2,5,0,0,2488,
Robin Gosens,2019,43,10,8,4,0,0,3372,
Robin Gosens,2020,44,12,8,8,1,0,3525,
Robin Gosens,2021,12,2,2,3,0,0,647,
Anthony Martial,2018,38,12,3,3,0,0,2327,
Anthony Martial,2019,48,23,12,1,0,0,3566,
Anthony Martial,2020,36,7,9,1,0,1,2422,
Anthony Martial,2021,19,2,1,0,0,0,825,
Patson Daka,2018,26,6,2,2,0,0,1137,
Patson Daka,2019,45,27,12,1,0,0,2690,
Patson Daka,2020,42,34,12,4,0,0,2905,
Patson Daka,2021,28,10,4,1,0,0,1538,
Chris Wood,2018,46,13,3,2,0,0,2970,
Chris Wood,2019,35,14,1,1,0,0,2606,
Chris Wood,2020,37,12,4,0,0,0,2954,
Chris Wood,2021,31,4,0,1,0,0,2457,
Lucas Digne,2018,37,4,5,6,0,1,3146,
Lucas Digne,2019,39,1,8,7,0,0,3396,
Lucas Digne,2020,36,0,7,3,0,1,3191,
Lucas Digne,2021,23,1,1,5,0,0,1916,
Matheus Cunha,2018,39,9,2,3,0,0,1952,
Matheus Cunha,2019,24,5,3,3,0,0,1103,
Matheus Cunha,2020,28,8,7,9,0,0,2242,
Matheus Cunha,2021,27,6,3,4,0,0,895,
Bryan Gil,2018,36,5,7,7,0,1,1902,
Bryan Gil,2019,19,2,1,4,0,0,810,
Bryan Gil,2020,30,4,4,6,0,0,2303,
Bryan Gil,2021,30,0,2,6,0,0,1479,
Matteo Politano,2018,48,6,6,5,0,1,3438,
Matteo Politano,2019,35,2,2,2,0,0,1198,
Matteo Politano,2020,50,12,5,5,0,0,2669,
Matteo Politano,2021,33,3,7,2,0,0,1687,
Dejan Kulusevski,2018,26,11,14,5,0,0,2082,
Dejan Kulusevski,2019,39,10,9,3,0,0,3064,
Dejan Kulusevski,2020,47,7,7,8,0,0,2738,
Dejan Kulusevski,2021,38,4,7,3,0,0,1781,
Joaquín Correa,2018,44,9,7,6,0,1,2710,
Joaquín Correa,2019,35,10,5,0,0,0,2383,
Joaquín Correa,2020,38,11,6,3,1,0,2673,
Joaquín Correa,2021,25,4,1,3,0,0,760,
Georginio Wijnaldum,2018,47,5,1,4,0,0,3705,
Georginio Wijnaldum,2019,47,6,0,0,0,0,3644,
Georginio Wijnaldum,2020,51,3,0,3,0,0,3922,
Georginio Wijnaldum,2021,31,3,3,2,0,0,1745,
Danny Ings,2018,25,8,3,1,0,0,1756,
Danny Ings,2019,42,25,3,3,0,0,3099,
Danny Ings,2020,33,13,4,1,0,0,2531,
Danny Ings,2021,24,5,5,2,0,0,1621,
Joe Willock,2018,20,12,2,2,0,0,1551,
Joe Willock,2019,44,5,1,4,0,0,1855,
Joe Willock,2020,32,11,3,2,0,0,1979,
Joe Willock,2021,26,2,0,0,0,0,1808,
Daniel James,2018,38,5,10,2,0,0,2815,
Daniel James,2019,46,4,7,4,0,0,3005,
Daniel James,2020,26,5,2,3,0,0,1521,
Daniel James,2021,31,4,4,6,0,0,2435,
Fikayo Tomori,2018,55,2,1,9,0,0,4811,
Fikayo Tomori,2019,22,2,1,4,0,0,1868,
Fikayo Tomori,2020,26,1,0,0,0,0,2129,
Fikayo Tomori,2021,31,1,0,4,0,0,2558,
Boubakary Soumaré,2018,24,1,0,3,0,0,1008,
Boubakary Soumaré,2019,30,0,1,0,1,1,2082,
Boubakary Soumaré,2020,43,0,2,4,0,0,2583,
Boubakary Soumaré,2021,29,0,1,2,0,0,1619,
Merih Demiral,2018,34,3,0,7,0,1,3062,
Merih Demiral,2019,8,1,1,1,0,0,598,
Merih Demiral,2020,24,0,1,4,1,0,1661,
Merih Demiral,2021,32,2,2,9,0,0,2521,
Adama Traoré,2018,36,1,3,1,0,0,1255,
Adama Traoré,2019,54,6,12,2,0,0,3834,
Adama Traoré,2020,41,3,3,5,0,0,2850,
Adama Traoré,2021,33,1,4,0,0,0,1714,
Bryan Gil,2018,36,5,7,7,0,1,1902,
Bryan Gil,2019,19,2,1,4,0,0,810,
Bryan Gil,2020,30,4,4,6,0,0,2303,
Bryan Gil,2021,30,0,2,6,0,0,1479,
Denis Zakaria,2018,32,4,1,7,0,0,1970,
Denis Zakaria,2019,31,2,2,9,0,0,2667,
Denis Zakaria,2020,32,1,1,6,0,0,1726,
Denis Zakaria,2021,23,3,1,5,0,0,1807,
Marash Kumbulla,2018,6,0,0,0,0,0,304,
Marash Kumbulla,2019,26,1,0,5,1,0,2078,
Marash Kumbulla,2020,28,2,0,9,0,0,1979,
Marash Kumbulla,2021,22,1,0,7,0,0,1441,
Emerson Royal,2018,7,0,0,1,0,0,317,
Emerson Royal,2019,34,3,6,11,0,0,2960,
Emerson Royal,2020,38,2,4,9,0,1,3181,
Emerson Royal,2021,35,0,1,3,0,0,2139,
Rodrigo Bentancur,2018,40,2,3,8,1,0,2724,
Rodrigo Bentancur,2019,43,1,8,11,1,0,3095,
Rodrigo Bentancur,2020,45,0,4,9,1,0,3184,
Rodrigo Bentancur,2021,35,0,4,3,0,0,2211,
Mike Maignan,2018,42,0,2,0,0,37,17,3780.0
Mike Maignan,2019,37,0,0,0,0,45,13,3312.0
Mike Maignan,2020,48,0,3,0,0,38,23,4320.0
Mike Maignan,2021,30,0,2,0,0,27,13,2730.0
Emerson Royal,2018,7,0,0,1,0,0,317,
Emerson Royal,2019,34,3,6,11,0,0,2960,
Emerson Royal,2020,38,2,4,9,0,1,3181,
Emerson Royal,2021,35,0,1,3,0,0,2139,
Roger Ibañez,2018,1,0,0,0,0,0,1,
Roger Ibañez,2019,11,0,0,2,0,0,725,
Roger Ibañez,2020,40,2,2,7,1,0,3000,
Roger Ibañez,2021,38,4,0,10,0,0,3086,
Héctor Bellerín,2018,19,0,5,3,0,0,1533,
Héctor Bellerín,2019,25,1,2,3,0,0,1949,
Héctor Bellerín,2020,35,1,4,8,0,0,2775,
Héctor Bellerín,2021,27,0,4,2,0,1,2150,
Donny van de Beek,2018,57,17,13,4,0,0,4116,
Donny van de Beek,2019,37,10,11,5,0,0,3171,
Donny van de Beek,2020,36,1,2,1,0,0,1456,
Donny van de Beek,2021,20,1,0,2,0,0,810,
Dele Alli,2018,38,7,8,5,0,0,2963,
Dele Alli,2019,38,9,6,4,0,0,2772,
Dele Alli,2020,29,3,5,3,0,0,1355,
Dele Alli,2021,24,2,1,3,0,0,1211,
Nicolás González,2018,33,2,4,2,0,1,2358,
Nicolás González,2019,29,15,4,8,0,0,2077,
Nicolás González,2020,17,6,2,6,0,0,1084,
Nicolás González,2021,29,3,8,0,1,0,1830,
Enock Mwepu,2018,28,2,3,1,0,0,1329,
Enock Mwepu,2019,36,5,7,6,1,0,2489,
Enock Mwepu,2020,45,10,7,7,0,0,3442,
Enock Mwepu,2021,15,2,5,1,0,0,834,
Joachim Andersen,2018,34,0,0,7,0,0,3090,
Joachim Andersen,2019,32,2,0,4,0,0,2425,
Joachim Andersen,2020,34,1,1,8,0,1,2921,
Joachim Andersen,2021,29,0,1,3,0,0,2465,
Jonathan Ikoné,2018,41,3,11,3,0,0,3006,
Jonathan Ikoné,2019,36,4,7,7,0,0,2649,
Jonathan Ikoné,2020,48,7,7,2,0,0,2696,
Jonathan Ikoné,2021,37,2,4,5,0,0,1837,
Francisco Trincão,2018,15,0,1,1,0,0,514,
Francisco Trincão,2019,40,9,13,1,0,0,2266,
Francisco Trincão,2020,42,3,2,3,0,0,1309,
Francisco Trincão,2021,24,2,1,0,0,0,1191,
Giovani Lo Celso,2018,46,16,6,10,1,0,3497,
Giovani Lo Celso,2019,37,2,3,8,0,0,2152,
Giovani Lo Celso,2020,28,5,1,5,0,0,1524,
Giovani Lo Celso,2021,28,1,2,0,0,0,1560,
Juan Musso,2018,29,0,4,0,0,40,7,2610.0
Juan Musso,2019,39,0,1,0,0,52,14,3510.0
Juan Musso,2020,36,0,5,0,0,52,8,3268.0
Juan Musso,2021,37,0,1,0,1,46,12,3293.0
Takehiro Tomiyasu,2018,40,1,0,5,0,0,3600,
Takehiro Tomiyasu,2019,30,1,3,8,0,0,2622,
Takehiro Tomiyasu,2020,33,2,0,4,0,0,2929,
Takehiro Tomiyasu,2021,18,0,1,2,0,0,1485,
Marc Cucurella,2018,33,2,2,6,0,0,2536,
Marc Cucurella,2019,46,1,6,10,0,0,3749,
Marc Cucurella,2020,39,3,2,9,0,0,3324,
Marc Cucurella,2021,30,0,2,4,0,0,2480,
Hamed Junior Traorè,2018,33,2,2,4,0,0,2299,
Hamed Junior Traorè,2019,33,5,1,3,0,0,1749,
Hamed Junior Traorè,2020,35,5,3,6,0,0,1787,
Hamed Junior Traorè,2021,25,5,4,3,0,0,1410,
Musa Barrow,2018,30,5,2,0,0,0,956,
Musa Barrow,2019,26,9,5,1,0,0,1540,
Musa Barrow,2020,40,9,10,0,0,0,3089,
Musa Barrow,2021,26,5,5,0,0,0,1639,
Wout Weghorst,2018,36,18,7,4,0,0,3118,
Wout Weghorst,2019,43,20,5,10,0,0,3710,
Wout Weghorst,2020,41,25,9,3,0,0,3537,
Wout Weghorst,2021,33,8,3,5,0,0,2828,
Tiemoué Bakayoko,2018,42,1,1,8,1,0,3274,
Tiemoué Bakayoko,2019,23,1,2,4,0,1,1899,
Tiemoué Bakayoko,2020,44,2,2,5,1,0,2658,
Tiemoué Bakayoko,2021,17,0,0,4,0,0,597,
Lucas Torreira,2018,50,2,5,7,0,1,3219,
Lucas Torreira,2019,39,2,1,7,0,0,2041,
Lucas Torreira,2020,26,1,1,3,0,0,722,
Lucas Torreira,2021,28,4,1,5,1,0,2151,
Eric García,2018,21,2,1,0,0,0,1791,
Eric García,2019,25,0,1,1,0,0,1868,
Eric García,2020,12,0,0,1,0,0,858,
Eric García,2021,27,0,0,6,1,1,2120,
Mattéo Guendouzi,2018,48,1,2,12,1,0,3040,
Mattéo Guendouzi,2019,34,0,3,8,0,0,2377,
Mattéo Guendouzi,2020,24,2,3,5,0,0,1817,
Mattéo Guendouzi,2021,43,4,13,8,0,0,3556,
Jérémie Boga,2018,27,3,1,0,0,0,1474,
Jérémie Boga,2019,35,11,4,0,0,0,2608,
Jérémie Boga,2020,28,4,2,0,0,0,1836,
Jérémie Boga,2021,23,2,4,0,0,0,1224,
Ilaix Moriba,2018,5,1,1,1,0,0,298,
Ilaix Moriba,2019,14,1,1,1,0,0,722,
Ilaix Moriba,2020,29,2,4,5,0,0,1558,
Ilaix Moriba,2021,15,0,0,4,1,0,617,
Jannik Vestergaard,2018,26,0,0,2,0,0,2330,
Jannik Vestergaard,2019,21,1,0,3,0,0,1636,
Jannik Vestergaard,2020,32,3,0,4,0,1,2741,
Jannik Vestergaard,2021,20,0,0,4,0,0,1171,
Mohamed Simakan,2018,0,0,0,0,0,0,0,
Mohamed Simakan,2019,25,0,0,6,0,0,1879,
Mohamed Simakan,2020,19,1,1,2,0,0,1618,
Mohamed Simakan,2021,33,1,1,7,0,0,2444,
Kieran Trippier,2018,38,1,5,3,0,0,3174,
Kieran Trippier,2019,33,0,5,2,0,0,2730,
Kieran Trippier,2020,35,0,6,0,0,0,3086,
Kieran Trippier,2021,23,2,0,1,0,0,1606,
Rayan Aït-Nouri,2018,3,0,0,1,0,0,53,
Rayan Aït-Nouri,2019,17,0,3,3,0,0,1286,
Rayan Aït-Nouri,2020,27,1,2,2,0,0,1815,
Rayan Aït-Nouri,2021,21,0,6,4,0,0,1711,
Dennis Praet,2018,37,2,3,7,0,0,3194,
Dennis Praet,2019,36,1,3,2,0,0,1805,
Dennis Praet,2020,24,2,2,0,0,0,1202,
Dennis Praet,2021,18,2,1,2,0,0,1071,
Cengiz Ünder,2018,33,6,10,1,0,0,1892,
Cengiz Ünder,2019,23,3,0,3,0,0,1152,
Cengiz Ünder,2020,19,2,3,0,0,0,941,
Cengiz Ünder,2021,36,11,4,1,1,0,2649,
Sergio Agüero,2018,46,32,10,5,0,0,3370,
Sergio Agüero,2019,32,23,4,1,0,0,2092,
Sergio Agüero,2020,20,6,1,0,0,0,720,
Sergio Agüero,2021,5,1,0,0,0,0,165,
William Saliba,2018,22,0,0,2,0,0,1816,
William Saliba,2019,17,0,0,1,0,0,1441,
William Saliba,2020,30,1,0,5,1,0,2658,
William Saliba,2021,40,0,0,6,0,0,3595,
Willian José,2018,34,11,5,5,0,1,2584,
Willian José,2019,41,11,1,5,0,0,2160,
Willian José,2020,39,7,2,0,0,0,2145,
Willian José,2021,35,10,5,2,0,0,1735,
Yangel Herrera,2018,16,0,0,5,0,0,1158,
Yangel Herrera,2019,36,2,3,15,0,0,2832,
Yangel Herrera,2020,46,8,2,11,0,0,3356,
Yangel Herrera,2021,16,1,1,3,0,0,1088,
Philippe Coutinho,2018,54,11,5,2,0,0,3345,
Philippe Coutinho,2019,38,11,9,0,0,0,2145,
Philippe Coutinho,2020,14,3,2,0,0,0,792,
Philippe Coutinho,2021,26,6,3,1,0,0,1386,
Loïc Badé,2018,17,0,0,6,0,0,1509,
Loïc Badé,2019,7,0,0,1,0,0,585,
Loïc Badé,2020,33,0,0,9,1,0,2779,
Loïc Badé,2021,21,1,1,2,2,0,1597,
Alphonse Areola,2018,31,0,1,0,0,27,16,2805.0
Alphonse Areola,2019,13,0,1,0,0,14,5,1124.0
Alphonse Areola,2020,37,0,2,0,0,48,10,3330.0
Alphonse Areola,2021,14,0,0,0,0,11,7,1320.0
Pierluigi Gollini,2018,27,0,1,0,0,25,8,2460.0
Pierluigi Gollini,2019,41,0,3,0,0,57,10,3605.0
Pierluigi Gollini,2020,32,0,0,0,1,32,13,2789.0
Pierluigi Gollini,2021,10,0,0,0,0,11,2,900.0
Matt Targett,2018,21,1,3,2,0,0,1526,
Matt Targett,2019,32,2,2,4,0,0,2608,
Matt Targett,2020,38,0,2,7,0,0,3405,
Matt Targett,2021,26,1,1,2,0,0,2243,
Rafa Mir,2018,30,7,1,5,0,0,1650,
Rafa Mir,2019,31,9,3,3,0,1,1444,
Rafa Mir,2020,39,16,1,2,0,0,2992,
Rafa Mir,2021,39,11,0,4,0,0,2236,
Andy Delort,2018,38,14,7,4,0,0,3242,
Andy Delort,2019,31,12,3,6,0,0,2684,
Andy Delort,2020,34,19,10,4,0,0,2821,
Andy Delort,2021,30,11,4,4,0,0,2161,
Alexander Sörloth,2018,38,6,4,1,0,0,2366,
Alexander Sörloth,2019,49,33,11,3,0,1,4075,
Alexander Sörloth,2020,37,6,3,2,0,0,1718,
Alexander Sörloth,2021,35,5,1,1,0,0,1487,
Erik Lamela,2018,33,6,3,6,0,0,1550,
Erik Lamela,2019,35,4,5,5,0,0,1659,
Erik Lamela,2020,35,4,1,5,1,0,1418,
Erik Lamela,2021,17,4,2,5,0,0,741,
Benjamin Henrichs,2018,30,1,3,4,0,0,2457,
Benjamin Henrichs,2019,15,0,0,3,0,0,1069,
Benjamin Henrichs,2020,20,0,1,5,0,0,704,
Benjamin Henrichs,2021,27,3,3,3,0,0,1357,
Gregor Kobel,2018,25,0,0,0,0,52,6,2230.0
Gregor Kobel,2019,31,0,0,0,0,37,11,2722.0
Gregor Kobel,2020,34,0,0,0,0,54,6,3060.0
Gregor Kobel,2021,37,0,0,0,0,56,10,3285.0
Juan Foyth,2018,17,1,0,4,0,1,1258,
Juan Foyth,2019,7,0,0,1,0,0,262,
Juan Foyth,2020,32,1,2,7,0,0,2448,
Juan Foyth,2021,27,0,0,4,1,0,2213,
Junior Firpo,2018,29,3,5,9,0,0,2314,
Junior Firpo,2019,23,1,2,6,0,0,1396,
Junior Firpo,2020,18,1,1,3,0,0,864,
Junior Firpo,2021,23,0,1,9,0,0,1646,
Maxwel Cornet,2018,36,12,5,2,0,0,1692,
Maxwel Cornet,2019,38,6,5,3,0,0,2546,
Maxwel Cornet,2020,39,4,6,5,0,0,2689,
Maxwel Cornet,2021,20,6,1,2,1,0,1275,
Gaëtan Laborde,2018,42,13,5,1,0,1,3234,
Gaëtan Laborde,2019,33,7,6,1,0,0,2668,
Gaëtan Laborde,2020,43,18,9,3,0,0,3566,
Gaëtan Laborde,2021,38,19,7,4,0,0,3082,
Romain Faivre,2018,25,2,2,3,0,0,2231,
Romain Faivre,2019,21,5,2,2,0,0,1579,
Romain Faivre,2020,37,6,5,0,0,0,2992,
Romain Faivre,2021,30,10,6,1,0,0,2525,
Dan Burn,2018,17,0,0,3,0,0,1515,
Dan Burn,2019,34,0,0,5,0,0,2881,
Dan Burn,2020,32,1,0,6,0,0,2509,
Dan Burn,2021,23,1,1,6,0,0,1907,
Baptiste Santamaria,2018,40,1,0,2,0,0,3427,
Baptiste Santamaria,2019,30,1,1,1,0,0,2716,
Baptiste Santamaria,2020,34,1,2,6,0,0,2568,
Baptiste Santamaria,2021,38,2,2,7,0,0,2583,
Jack Harrison,2018,42,4,4,2,0,0,2948,
Jack Harrison,2019,49,6,8,1,0,0,3955,
Jack Harrison,2020,38,8,8,2,0,0,2988,
Jack Harrison,2021,30,7,2,3,0,0,2248,
Thomas Delaney,2018,38,3,6,8,0,0,2760,
Thomas Delaney,2019,14,0,0,5,0,0,1079,
Thomas Delaney,2020,34,1,5,8,0,0,2196,
Thomas Delaney,2021,31,2,1,4,2,0,1667,
Carles Aleñá,2018,35,5,1,6,0,0,1716,
Carles Aleñá,2019,24,1,2,3,0,0,1199,
Carles Aleñá,2020,27,2,2,3,0,0,1537,
Carles Aleñá,2021,25,1,2,6,0,1,1989,
Brahim Díaz,2018,15,3,2,0,0,0,607,
Brahim Díaz,2019,10,1,1,1,0,0,206,
Brahim Díaz,2020,39,7,4,3,0,0,1868,
Brahim Díaz,2021,33,4,4,5,0,0,2103,
Mattia Zaccagni,2018,33,4,4,4,0,0,2146,
Mattia Zaccagni,2019,35,2,9,5,0,0,2176,
Mattia Zaccagni,2020,37,5,7,6,0,0,2692,
Mattia Zaccagni,2021,31,7,7,8,0,0,2053,
Takefusa Kubo,2018,16,5,4,0,0,0,1111,
Takefusa Kubo,2019,36,4,5,4,0,0,2398,
Takefusa Kubo,2020,37,2,4,2,1,0,1488,
Takefusa Kubo,2021,23,2,3,3,0,0,1444,
Ethan Ampadu,2018,12,0,0,2,0,0,823,
Ethan Ampadu,2019,7,0,0,1,0,0,277,
Ethan Ampadu,2020,29,0,0,4,0,0,2451,
Ethan Ampadu,2021,23,0,3,10,0,1,1749,
Pierre-Emerick Aubameyang,2018,51,31,8,1,0,0,3859,
Pierre-Emerick Aubameyang,2019,44,29,3,3,0,1,3725,
Pierre-Emerick Aubameyang,2020,39,15,4,3,0,0,3018,
Pierre-Emerick Aubameyang,2021,26,16,3,3,0,0,1831,
Boulaye Dia,2018,27,6,2,2,0,0,1367,
Boulaye Dia,2019,28,8,1,0,0,0,2029,
Boulaye Dia,2020,39,16,1,2,0,0,3178,
Boulaye Dia,2021,28,6,5,2,0,0,1284,
Antonin Barak,2018,9,0,0,0,0,0,400,
Antonin Barak,2019,27,3,1,1,0,0,1738,
Antonin Barak,2020,36,7,4,5,0,1,2907,
Antonin Barak,2021,26,10,4,3,0,0,2107,
Emerson,2018,27,1,2,2,0,0,2250,
Emerson,2019,21,0,1,4,0,0,1523,
Emerson,2020,15,1,0,0,0,0,789,
Emerson,2021,29,1,2,4,0,1,2308,
Justin Kluivert,2018,35,2,8,3,0,0,1744,
Justin Kluivert,2019,31,7,2,6,1,0,2130,
Justin Kluivert,2020,29,4,1,4,0,0,1029,
Justin Kluivert,2021,21,5,5,5,0,1,1463,
Sebastiaan Bornauw,2018,28,1,2,6,0,1,2256,
Sebastiaan Bornauw,2019,30,6,0,6,0,1,2629,
Sebastiaan Bornauw,2020,28,1,1,5,0,0,2326,
Sebastiaan Bornauw,2021,26,1,1,4,0,0,1892,
Alessandro Florenzi,2018,38,3,3,5,1,0,2891,
Alessandro Florenzi,2019,32,0,1,6,0,1,2014,
Alessandro Florenzi,2020,36,2,1,1,0,0,2734,
Alessandro Florenzi,2021,26,1,0,2,0,0,1377,
Elseid Hysaj,2018,35,0,2,6,0,0,2707,
Elseid Hysaj,2019,24,1,2,3,1,0,1692,
Elseid Hysaj,2020,29,0,3,3,0,0,2141,
Elseid Hysaj,2021,35,1,0,3,0,0,2580,
Dodi Lukébakio,2018,34,14,5,6,0,0,2170,
Dodi Lukébakio,2019,33,8,8,2,0,0,2197,
Dodi Lukébakio,2020,30,7,5,2,1,0,1955,
Dodi Lukébakio,2021,27,2,3,2,0,0,1375,
Romain Perraud,2018,34,5,1,3,0,0,3090,
Romain Perraud,2019,24,0,1,2,0,0,2059,
Romain Perraud,2020,37,3,7,4,0,0,3152,
Romain Perraud,2021,18,1,1,3,0,0,1542,
Imrân Louza,2018,23,7,0,6,0,0,1891,
Imrân Louza,2019,28,4,3,4,0,0,2310,
Imrân Louza,2020,35,7,3,4,0,1,2566,
Imrân Louza,2021,17,0,0,4,0,0,1160,
Jean-Clair Todibo,2018,12,1,1,4,1,0,994,
Jean-Clair Todibo,2019,13,0,0,2,0,0,664,
Jean-Clair Todibo,2020,19,1,0,6,0,0,1610,
Jean-Clair Todibo,2021,30,1,0,6,0,0,2585,
Lukas Nmecha,2018,44,3,7,2,0,0,2413,
Lukas Nmecha,2019,25,0,0,2,0,0,827,
Lukas Nmecha,2020,41,21,3,4,0,0,3434,
Lukas Nmecha,2021,24,8,0,5,0,0,1482,
Xherdan Shaqiri,2018,30,6,5,2,0,0,1413,
Xherdan Shaqiri,2019,11,1,0,0,0,0,263,
Xherdan Shaqiri,2020,22,1,4,2,0,0,819,
Xherdan Shaqiri,2021,20,3,3,1,0,0,1355,
Josip Brekalo,2018,27,3,4,2,0,0,1527,
Josip Brekalo,2019,41,7,7,0,0,0,2499,
Josip Brekalo,2020,33,7,4,1,0,0,2040,
Josip Brekalo,2021,26,7,2,1,0,0,1860,
Ainsley Maitland-Niles,2018,31,2,3,1,1,0,2188,
Ainsley Maitland-Niles,2019,33,1,2,4,1,0,2076,
Ainsley Maitland-Niles,2020,36,0,2,2,0,0,2416,
Ainsley Maitland-Niles,2021,20,0,1,0,0,0,1016,
Rui Silva,2018,40,0,4,0,0,27,18,3600.0
Rui Silva,2019,37,0,3,0,0,44,12,3330.0
Rui Silva,2020,46,0,3,0,0,67,14,4140.0
Rui Silva,2021,27,0,3,0,0,31,8,2388.0
Zinho Vanheusden,2018,30,2,1,9,0,0,2341,
Zinho Vanheusden,2019,28,2,0,4,1,1,2334,
Zinho Vanheusden,2020,17,0,0,1,0,0,1240,
Zinho Vanheusden,2021,16,0,0,3,0,0,1198,
Andrea Pinamonti,2018,27,5,3,2,0,0,1622,
Andrea Pinamonti,2019,34,7,3,1,0,0,2418,
Andrea Pinamonti,2020,10,1,0,0,0,0,172,
Andrea Pinamonti,2021,30,9,2,2,0,0,2287,
Unai López,2018,7,0,0,1,0,0,359,
Unai López,2019,30,1,4,6,0,0,1976,
Unai López,2020,31,3,0,7,0,0,1738,
Unai López,2021,21,0,1,2,0,0,826,
Mohamed Ihattaren,2018,31,7,6,0,0,0,1852,
Mohamed Ihattaren,2019,34,9,9,1,0,0,2713,
Mohamed Ihattaren,2020,29,3,2,0,0,0,1618,
Mohamed Ihattaren,2021,0,0,0,0,0,0,0,
Rafinha,2018,8,1,0,1,0,0,348,
Rafinha,2019,33,4,2,5,0,1,2344,
Rafinha,2020,34,0,7,4,0,0,1646,
Rafinha,2021,17,1,0,0,0,0,886,
Calum Chambers,2018,33,2,0,9,0,0,2766,
Calum Chambers,2019,18,1,4,6,0,0,1384,
Calum Chambers,2020,20,1,3,0,0,0,1351,
Calum Chambers,2021,11,2,0,0,0,0,826,
Samuele Ricci,2018,32,2,3,4,0,0,2731,
Samuele Ricci,2019,30,0,0,6,0,0,1832,
Samuele Ricci,2020,36,2,4,3,0,0,1845,
Samuele Ricci,2021,27,1,1,3,0,1,1811,
Leonardo Balerdi,2018,9,1,0,2,0,0,810,
Leonardo Balerdi,2019,16,0,0,3,0,0,855,
Leonardo Balerdi,2020,25,2,0,6,1,1,1973,
Leonardo Balerdi,2021,24,0,0,5,0,1,1271,
Jean Lucas,2018,9,0,1,2,0,0,629,
Jean Lucas,2019,18,3,1,5,0,0,585,
Jean Lucas,2020,25,0,3,3,1,0,1190,
Jean Lucas,2021,34,2,2,3,1,0,2164,
Jean-Philippe Mateta,2018,36,14,3,2,0,0,2563,
Jean-Philippe Mateta,2019,18,3,1,0,1,0,1056,
Jean-Philippe Mateta,2020,25,13,1,3,0,0,1458,
Jean-Philippe Mateta,2021,19,5,1,1,0,0,1021,
Jakub Jankto,2018,28,1,1,2,0,0,1180,
Jakub Jankto,2019,31,2,5,9,0,0,2191,
Jakub Jankto,2020,37,6,3,7,0,0,2524,
Jakub Jankto,2021,15,0,1,2,0,1,643,
Giovanni Simeone,2018,40,8,4,2,0,0,2524,
Giovanni Simeone,2019,37,12,4,4,0,0,2935,
Giovanni Simeone,2020,33,6,2,1,0,0,1741,
Giovanni Simeone,2021,29,15,4,7,0,0,2006,
Hee-chan Hwang,2018,21,2,2,1,0,0,1331,
Hee-chan Hwang,2019,40,16,22,3,0,0,2572,
Hee-chan Hwang,2020,26,3,3,3,0,0,753,
Hee-chan Hwang,2021,26,5,2,1,0,0,1528,
Ademola Lookman,2018,24,1,2,0,0,0,830,
Ademola Lookman,2019,13,0,0,0,0,0,377,
Ademola Lookman,2020,35,4,4,5,0,0,2800,
Ademola Lookman,2021,31,6,5,2,0,0,1836,
Nadiem Amiri,2018,15,3,3,1,0,0,859,
Nadiem Amiri,2019,42,1,6,4,0,1,2561,
Nadiem Amiri,2020,39,5,9,5,0,0,2503,
Nadiem Amiri,2021,25,2,2,0,0,0,818,
Pape Sarr,2018,1,0,0,0,0,0,90,
Pape Sarr,2019,0,0,0,0,0,0,0,
Pape Sarr,2020,26,4,0,5,0,0,1762,
Pape Sarr,2021,25,1,1,6,0,0,1596,
Rui Patrício,2018,37,0,0,0,0,46,8,3330.0
Rui Patrício,2019,53,0,0,0,0,54,19,4770.0
Rui Patrício,2020,37,0,1,0,0,51,10,3330.0
Rui Patrício,2021,41,0,2,0,0,49,16,3690.0
Yoane Wissa,2018,40,6,6,5,0,0,2334,
Yoane Wissa,2019,32,16,5,5,0,1,2356,
Yoane Wissa,2020,40,11,5,2,0,0,2800,
Yoane Wissa,2021,26,7,1,0,0,0,1160,
Alban Lafont,2018,38,0,2,0,0,46,10,3375.0
Alban Lafont,2019,29,0,3,0,0,33,11,2610.0
Alban Lafont,2020,40,0,2,0,0,57,5,3600.0
Alban Lafont,2021,29,0,1,0,0,31,8,2610.0
Mitchel Bakker,2018,28,0,3,5,0,0,2216,
Mitchel Bakker,2019,5,0,0,2,0,0,413,
Mitchel Bakker,2020,40,0,2,2,0,0,2439,
Mitchel Bakker,2021,23,1,4,8,0,0,1794,
Mario Lemina,2018,23,1,1,5,0,0,1794,
Mario Lemina,2019,28,1,0,8,0,0,2228,
Mario Lemina,2020,30,1,1,5,0,0,1849,
Mario Lemina,2021,29,2,0,4,0,0,1795,
Marvin Friedrich,2018,38,1,2,4,1,0,3448,
Marvin Friedrich,2019,34,2,1,10,1,0,3060,
Marvin Friedrich,2020,36,5,2,2,0,0,3270,
Marvin Friedrich,2021,27,0,0,4,1,0,2385,
Moussa Sissoko,2018,44,0,4,5,0,0,3403,
Moussa Sissoko,2019,35,2,2,8,0,0,2873,
Moussa Sissoko,2020,42,1,1,4,0,0,2536,
Moussa Sissoko,2021,29,2,1,4,0,0,2501,
Felipe Anderson,2018,40,10,5,3,0,0,3197,
Felipe Anderson,2019,28,1,6,1,0,0,1700,
Felipe Anderson,2020,15,1,3,1,0,0,660,
Felipe Anderson,2021,40,6,7,3,0,0,2878,
Reinildo Mandava,2018,22,1,0,4,0,0,1586,
Reinildo Mandava,2019,22,0,0,6,0,0,1507,
Reinildo Mandava,2020,35,0,0,2,0,1,2404,
Reinildo Mandava,2021,37,1,0,12,0,0,3011,
Maxime López,2018,39,1,4,4,0,0,2722,
Maxime López,2019,27,0,3,3,0,0,1448,
Maxime López,2020,34,2,0,8,0,0,2069,
Maxime López,2021,30,1,1,11,0,0,2552,
Pau López,2018,35,0,4,0,0,49,10,3150.0
Pau López,2019,42,0,3,0,0,55,9,3718.0
Pau López,2020,34,0,0,0,1,38,9,2926.0
Pau López,2021,32,0,3,0,0,34,12,2880.0
Borja Mayoral,2018,34,5,2,2,0,0,1964,
Borja Mayoral,2019,36,9,2,2,0,0,2248,
Borja Mayoral,2020,47,17,7,1,0,0,2320,
Borja Mayoral,2021,20,4,2,1,0,0,690,
Sergio Ramos,2018,42,11,2,12,1,0,3662,
Sergio Ramos,2019,44,13,1,10,0,1,3828,
Sergio Ramos,2020,21,4,1,4,0,0,1790,
Sergio Ramos,2021,5,1,0,0,1,0,283,
Billy Gilmour,2018,32,9,6,4,0,0,2597,
Billy Gilmour,2019,26,2,5,1,0,0,1789,
Billy Gilmour,2020,14,1,0,0,0,0,936,
Billy Gilmour,2021,22,0,2,2,0,0,1629,
Benjamin Lecomte,2018,38,0,1,0,0,43,11,3420.0
Benjamin Lecomte,2019,32,0,1,0,0,48,7,2880.0
Benjamin Lecomte,2020,28,0,1,0,0,27,13,2520.0
Benjamin Lecomte,2021,0,0,1,0,0,0,0,0.0
Brandon Williams,2018,26,3,5,4,0,1,1956,
Brandon Williams,2019,42,1,7,11,1,0,2979,
Brandon Williams,2020,19,0,1,4,0,0,1028,
Brandon Williams,2021,26,0,1,8,0,0,2145,
Pape Sarr,2018,1,0,0,0,0,0,90,
Pape Sarr,2019,0,0,0,0,0,0,0,
Pape Sarr,2020,26,4,0,5,0,0,1762,
Pape Sarr,2021,25,1,1,6,0,0,1596,
Álvaro Odriozola,2018,22,1,9,2,0,0,1856,
Álvaro Odriozola,2019,10,0,2,1,1,0,613,
Álvaro Odriozola,2020,16,2,0,2,0,0,958,
Álvaro Odriozola,2021,24,1,1,4,0,1,1716,
Kang-in Lee,2018,29,4,2,7,0,0,1881,
Kang-in Lee,2019,24,2,0,3,0,2,694,
Kang-in Lee,2020,27,1,4,1,0,0,1431,
Kang-in Lee,2021,27,1,3,2,1,0,1357,
Arnaud Kalimuendo,2018,7,5,1,0,0,0,554,
Arnaud Kalimuendo,2019,4,6,0,0,0,0,344,
Arnaud Kalimuendo,2020,31,8,6,0,0,0,1391,
Arnaud Kalimuendo,2021,29,8,0,1,0,1,1822,
Nikola Maksimovic,2018,28,0,1,9,0,0,2306,
Nikola Maksimovic,2019,28,1,1,3,0,1,2338,
Nikola Maksimovic,2020,27,0,0,2,0,0,2060,
Nikola Maksimovic,2021,12,0,0,2,0,0,936,
Hélder Costa,2018,30,2,2,3,0,0,1529,
Hélder Costa,2019,46,5,8,3,0,0,3164,
Hélder Costa,2020,27,5,5,0,0,0,1512,
Hélder Costa,2021,26,0,2,3,0,0,1180,
Luuk de Jong,2018,43,32,10,6,0,0,3861,
Luuk de Jong,2019,46,10,4,2,0,0,2703,
Luuk de Jong,2020,48,9,1,3,0,1,2155,
Luuk de Jong,2021,22,6,0,0,0,0,845,
Paul Bernardoni,2018,40,0,0,0,0,62,10,3600.0
Paul Bernardoni,2019,26,0,0,0,0,40,6,2324.0
Paul Bernardoni,2020,38,0,1,0,0,58,9,3420.0
Paul Bernardoni,2021,26,0,0,0,0,33,8,2340.0
Krzysztof Piatek,2018,42,30,1,5,0,0,3410,
Krzysztof Piatek,2019,36,10,2,3,0,0,2371,
Krzysztof Piatek,2020,32,7,2,4,0,0,1632,
Krzysztof Piatek,2021,21,7,1,0,0,0,1092,
Gonzalo Villar,2018,17,1,1,6,0,0,1092,
Gonzalo Villar,2019,33,1,0,12,0,0,1997,
Gonzalo Villar,2020,47,0,1,10,0,0,2714,
Gonzalo Villar,2021,10,0,0,0,0,0,323,
Anwar El Ghazi,2018,36,6,6,5,0,1,2628,
Anwar El Ghazi,2019,40,6,7,4,0,0,2549,
Anwar El Ghazi,2020,31,11,0,2,0,0,1872,
Anwar El Ghazi,2021,14,3,3,2,0,0,558,
Óscar Rodríguez,2018,32,4,4,6,0,0,2540,
Óscar Rodríguez,2019,32,9,2,6,0,1,2044,
Óscar Rodríguez,2020,29,2,2,4,0,0,1009,
Óscar Rodríguez,2021,24,0,0,2,0,0,1112,
Hannes Wolf,2018,40,11,12,2,0,0,2730,
Hannes Wolf,2019,5,0,0,0,0,0,53,
Hannes Wolf,2020,43,4,2,2,0,0,1616,
Hannes Wolf,2021,18,0,1,4,0,0,1168,
Jens Petter Hauge,2018,29,9,3,1,0,0,1109,
Jens Petter Hauge,2019,18,14,10,2,0,0,1557,
Jens Petter Hauge,2020,28,8,3,0,0,0,1231,
Jens Petter Hauge,2021,26,3,1,3,0,0,852,
Ben Gibson,2018,5,1,0,2,1,0,423,
Ben Gibson,2019,1,0,0,0,0,0,90,
Ben Gibson,2020,29,0,1,5,0,0,2536,
Ben Gibson,2021,27,0,0,3,1,0,2405,
Davide Zappacosta,2018,17,0,2,1,0,0,1020,
Davide Zappacosta,2019,9,0,1,0,0,0,446,
Davide Zappacosta,2020,25,4,2,3,0,0,2047,
Davide Zappacosta,2021,34,2,4,6,0,0,2252,
Ante Budimir,2018,38,9,3,4,1,0,2608,
Ante Budimir,2019,36,13,3,12,0,0,2871,
Ante Budimir,2020,33,12,0,4,0,0,1797,
Ante Budimir,2021,21,4,1,1,0,0,1113,
Yacine Adli,2018,18,1,1,1,0,0,994,
Yacine Adli,2019,25,3,3,3,0,0,1293,
Yacine Adli,2020,36,2,5,6,0,0,2453,
Yacine Adli,2021,29,1,7,4,0,0,1957,
Toma Basic,2018,30,3,2,4,0,0,1764,
Toma Basic,2019,18,2,3,4,0,0,1232,
Toma Basic,2020,34,4,1,7,0,0,2611,
Toma Basic,2021,32,1,3,3,0,0,1387,
Pol Lirola,2018,38,2,7,2,0,0,3180,
Pol Lirola,2019,39,1,2,4,0,0,2933,
Pol Lirola,2020,35,2,5,7,0,0,2249,
Pol Lirola,2021,38,1,2,1,0,0,2169,
Marco Silvestri,2018,41,0,2,0,0,50,8,3720.0
Marco Silvestri,2019,36,0,2,0,0,45,9,3270.0
Marco Silvestri,2020,34,0,1,0,0,42,7,3060.0
Marco Silvestri,2021,28,0,1,0,0,40,6,2550.0
Patrick Cutrone,2018,43,9,2,2,0,0,1910,
Patrick Cutrone,2019,45,8,6,2,0,0,1804,
Patrick Cutrone,2020,24,0,1,0,0,0,485,
Patrick Cutrone,2021,25,2,2,2,0,0,1301,
Loren Morón,2018,45,8,4,5,0,0,2694,
Loren Morón,2019,39,12,3,2,0,1,2199,
Loren Morón,2020,27,1,0,2,0,0,1028,
Loren Morón,2021,24,4,1,0,0,0,743,
Yacine Adli,2018,18,1,1,1,0,0,994,
Yacine Adli,2019,25,3,3,3,0,0,1293,
Yacine Adli,2020,36,2,5,6,0,0,2453,
Yacine Adli,2021,29,1,7,4,0,0,1957,
Javairô Dilrosun,2018,22,2,5,2,0,0,1244,
Javairô Dilrosun,2019,25,4,2,2,0,0,1445,
Javairô Dilrosun,2020,13,0,2,0,0,0,544,
Javairô Dilrosun,2021,28,1,5,2,0,0,1399,
Marin Pongracic,2018,26,0,1,4,0,1,2226,
Marin Pongracic,2019,19,2,0,6,0,1,1543,
Marin Pongracic,2020,11,0,0,0,1,0,665,
Marin Pongracic,2021,21,0,0,3,0,0,1049,
Eddie Salcedo,2018,35,13,4,4,1,0,2280,
Eddie Salcedo,2019,17,1,0,0,0,0,677,
Eddie Salcedo,2020,23,3,2,3,0,0,956,
Eddie Salcedo,2021,10,2,0,1,0,0,492,
Matteo Lovato,2018,18,0,0,2,0,0,1595,
Matteo Lovato,2019,19,0,0,2,0,0,1517,
Matteo Lovato,2020,24,0,0,5,0,0,1380,
Matteo Lovato,2021,17,0,1,5,0,0,1120,
Mert Cetin,2018,26,1,0,4,0,0,2139,
Mert Cetin,2019,6,0,0,2,1,0,255,
Mert Cetin,2020,7,0,0,1,0,0,462,
Mert Cetin,2021,10,1,0,1,0,0,719,
Florian Müller,2018,25,0,0,0,0,44,5,2250.0
Florian Müller,2019,15,0,0,0,0,28,2,1304.0
Florian Müller,2020,31,0,0,0,0,46,6,2790.0
Florian Müller,2021,23,0,0,0,0,43,3,2070.0
Demarai Gray,2018,39,4,1,2,0,0,2271,
Demarai Gray,2019,29,3,5,1,0,0,1060,
Demarai Gray,2020,18,4,3,0,0,0,1013,
Demarai Gray,2021,28,6,3,3,0,0,2032,
Axel Tuanzebe,2018,30,0,1,0,0,0,2574,
Axel Tuanzebe,2019,11,0,0,0,0,0,701,
Axel Tuanzebe,2020,19,0,0,7,0,0,918,
Axel Tuanzebe,2021,13,0,0,2,0,0,815,
Yusuf Demir,2018,1,0,0,0,0,0,61,
Yusuf Demir,2019,7,0,1,0,0,0,217,
Yusuf Demir,2020,32,9,3,1,0,0,1051,
Yusuf Demir,2021,17,1,0,2,0,0,687,
Ryan Bertrand,2018,24,1,0,8,0,0,2160,
Ryan Bertrand,2019,35,1,1,5,0,1,3013,
Ryan Bertrand,2020,34,0,1,6,0,0,3044,
Ryan Bertrand,2021,11,0,0,2,0,0,751,
Aïssa Mandi,2018,48,2,1,13,0,0,4260,
Aïssa Mandi,2019,30,0,0,9,0,0,2668,
Aïssa Mandi,2020,32,3,2,4,1,1,2812,
Aïssa Mandi,2021,17,2,0,2,0,0,1222,
Joshua King,2018,38,12,4,3,0,0,3037,
Joshua King,2019,27,6,4,0,0,0,2050,
Joshua King,2020,26,5,3,0,0,0,982,
Joshua King,2021,27,5,3,4,0,0,2015,
Axel Tuanzebe,2018,30,0,1,0,0,0,2574,
Axel Tuanzebe,2019,11,0,0,0,0,0,701,
Axel Tuanzebe,2020,19,0,0,7,0,0,918,
Axel Tuanzebe,2021,13,0,0,2,0,0,815,
Manu Sánchez,2018,9,0,1,2,0,0,495,
Manu Sánchez,2019,30,0,1,6,0,0,2626,
Manu Sánchez,2020,19,0,5,4,0,0,1231,
Manu Sánchez,2021,27,1,2,4,0,0,1881,
Keita Baldé,2018,30,5,2,1,1,0,1089,
Keita Baldé,2019,26,8,4,5,0,0,1266,
Keita Baldé,2020,26,7,2,4,0,1,1257,
Keita Baldé,2021,18,3,2,2,0,0,930,
Stefano Sensi,2018,30,2,4,8,0,0,2142,
Stefano Sensi,2019,19,3,4,3,0,0,1012,
Stefano Sensi,2020,21,0,0,2,0,1,635,
Stefano Sensi,2021,18,2,0,0,0,0,634,
Kai Havertz,2018,42,20,7,2,0,0,3505,
Kai Havertz,2019,45,18,9,3,0,0,3797,
Kai Havertz,2020,45,9,9,3,0,0,2519,
Kai Havertz,2021,35,11,5,5,0,0,2453,
Leroy Sané,2018,47,16,19,1,0,0,2694,
Leroy Sané,2019,3,0,0,0,0,0,81,
Leroy Sané,2020,44,10,12,3,0,0,2627,
Leroy Sané,2021,37,14,15,3,0,0,2600,
Timo Werner,2018,37,19,10,1,0,0,3101,
Timo Werner,2019,45,34,13,5,0,0,3589,
Timo Werner,2020,52,12,15,3,0,0,3831,
Timo Werner,2021,28,7,4,1,0,0,1493,
Miralem Pjanic,2018,44,4,8,8,1,0,3275,
Miralem Pjanic,2019,43,3,8,11,0,0,3350,
Miralem Pjanic,2020,30,0,0,3,0,0,1295,
Miralem Pjanic,2021,22,0,4,5,1,0,1720,
Mauro Icardi,2018,37,17,5,0,0,0,2972,
Mauro Icardi,2019,34,20,4,1,0,0,2185,
Mauro Icardi,2020,28,13,6,2,0,0,1702,
Mauro Icardi,2021,29,5,0,1,0,0,1307,
Arthur,2018,44,0,2,3,0,0,2478,
Arthur,2019,28,4,4,2,0,0,1541,
Arthur,2020,32,1,0,4,0,0,1714,
Arthur,2021,26,0,1,3,0,0,1330,
Achraf Hakimi,2018,28,3,7,5,0,0,2349,
Achraf Hakimi,2019,45,9,10,5,0,0,3571,
Achraf Hakimi,2020,45,7,11,9,0,0,3211,
Achraf Hakimi,2021,32,3,4,5,0,1,2597,
Ben Chilwell,2018,36,0,5,4,0,0,3240,
Ben Chilwell,2019,33,3,4,3,0,0,2915,
Ben Chilwell,2020,42,4,7,4,0,0,3357,
Ben Chilwell,2021,12,3,1,0,0,0,840,
Thomas Partey,2018,42,3,6,10,1,0,2723,
Thomas Partey,2019,46,4,1,16,0,0,3571,
Thomas Partey,2020,36,0,3,8,0,0,2308,
Thomas Partey,2021,25,2,1,5,1,0,2034,
Nicolò Barella,2018,38,1,4,8,2,0,3383,
Nicolò Barella,2019,41,4,8,15,0,0,3085,
Nicolò Barella,2020,46,3,13,7,0,0,3738,
Nicolò Barella,2021,37,2,10,7,0,1,3031,
Thiago,2018,42,3,8,6,0,0,3426,
Thiago,2019,40,3,2,10,0,0,2975,
Thiago,2020,30,1,0,5,0,0,2203,
Thiago,2021,24,2,2,1,0,0,1313,
Federico Chiesa,2018,41,12,5,4,0,0,3383,
Federico Chiesa,2019,37,11,9,7,0,0,2820,
Federico Chiesa,2020,46,15,11,6,0,1,3167,
Federico Chiesa,2021,18,4,4,0,0,0,1204,
Ferran Torres,2018,37,3,2,6,0,0,1747,
Ferran Torres,2019,44,6,8,6,0,0,3104,
Ferran Torres,2020,36,13,3,1,0,0,2111,
Ferran Torres,2021,21,9,6,1,0,0,1635,
Diogo Jota,2018,37,10,7,12,0,0,2630,
Diogo Jota,2019,48,16,6,5,1,0,3060,
Diogo Jota,2020,30,13,1,2,0,0,1763,
Diogo Jota,2021,39,19,3,5,0,0,2691,
Victor Osimhen,2018,36,20,4,3,0,0,2935,
Victor Osimhen,2019,38,18,6,5,0,0,3012,
Victor Osimhen,2020,30,10,3,4,1,0,1866,
Victor Osimhen,2021,25,15,4,5,0,1,1773,
Giovani Lo Celso,2018,46,16,6,10,1,0,3497,
Giovani Lo Celso,2019,37,2,3,8,0,0,2152,
Giovani Lo Celso,2020,28,5,1,5,0,0,1524,
Giovani Lo Celso,2021,28,1,2,0,0,0,1560,
Nélson Semedo,2018,46,1,3,9,0,0,2886,
Nélson Semedo,2019,42,1,6,5,0,0,2993,
Nélson Semedo,2020,35,1,1,5,0,0,3078,
Nélson Semedo,2021,27,1,1,1,0,0,2250,
Rodrigo,2018,51,15,10,6,1,0,3775,
Rodrigo,2019,34,7,11,2,0,1,2506,
Rodrigo,2020,31,9,3,3,0,0,1556,
Rodrigo,2021,26,5,1,8,0,0,1890,
Martin Ødegaard,2018,39,11,12,4,0,0,3288,
Martin Ødegaard,2019,36,7,9,4,0,0,2934,
Martin Ødegaard,2020,29,2,2,0,0,0,1657,
Martin Ødegaard,2021,30,5,4,2,0,0,2207,
Álvaro Morata,2018,41,15,1,10,0,0,2709,
Álvaro Morata,2019,44,16,5,6,1,0,2801,
Álvaro Morata,2020,44,20,12,5,0,1,2823,
Álvaro Morata,2021,40,11,7,4,0,0,2681,
Álvaro Morata,2018,41,15,1,10,0,0,2709,
Álvaro Morata,2019,44,16,5,6,1,0,2801,
Álvaro Morata,2020,44,20,12,5,0,1,2823,
Álvaro Morata,2021,40,11,7,4,0,0,2681,
Wesley Fofana,2018,15,0,0,4,0,1,1230,
Wesley Fofana,2019,24,2,0,8,0,1,1968,
Wesley Fofana,2020,42,0,1,11,0,0,3398,
Wesley Fofana,2021,1,1,0,0,0,0,78,
Ante Rebic,2018,38,10,6,6,1,0,2514,
Ante Rebic,2019,36,15,5,7,0,2,2056,
Ante Rebic,2020,33,11,9,5,0,1,2072,
Ante Rebic,2021,23,3,2,3,0,0,913,
Mattéo Guendouzi,2018,48,1,2,12,1,0,3040,
Mattéo Guendouzi,2019,34,0,3,8,0,0,2377,
Mattéo Guendouzi,2020,24,2,3,5,0,0,1817,
Mattéo Guendouzi,2021,43,4,13,8,0,0,3556,
James Rodríguez,2018,28,7,6,4,0,0,1654,
James Rodríguez,2019,14,1,2,1,0,0,728,
James Rodríguez,2020,27,6,9,4,0,0,2131,
James Rodríguez,2021,14,5,7,4,0,0,1118,
Sergio Reguilón,2018,22,0,3,4,0,0,1796,
Sergio Reguilón,2019,38,3,5,10,0,0,3055,
Sergio Reguilón,2020,36,0,6,7,0,0,2789,
Sergio Reguilón,2021,29,2,3,4,0,0,2121,
Moussa Dembélé,2018,52,23,6,2,0,0,3211,
Moussa Dembélé,2019,46,24,7,4,0,0,3459,
Moussa Dembélé,2020,23,1,0,3,0,0,810,
Moussa Dembélé,2021,25,11,3,4,0,0,1738,
Takefusa Kubo,2018,16,5,4,0,0,0,1111,
Takefusa Kubo,2019,36,4,5,4,0,0,2398,
Takefusa Kubo,2020,37,2,4,2,1,0,1488,
Takefusa Kubo,2021,23,2,3,3,0,0,1444,
Lucas Torreira,2018,50,2,5,7,0,1,3219,
Lucas Torreira,2019,39,2,1,7,0,0,2041,
Lucas Torreira,2020,26,1,1,3,0,0,722,
Lucas Torreira,2021,28,4,1,5,1,0,2151,
Allan,2018,47,1,2,11,0,0,3631,
Allan,2019,33,2,1,4,0,0,1756,
Allan,2020,26,0,0,7,0,0,2211,
Allan,2021,26,0,3,6,0,1,2237,
Kevin Volland,2018,42,15,16,5,0,0,3375,
Kevin Volland,2019,40,12,10,3,0,0,3017,
Kevin Volland,2020,40,18,8,5,0,0,3201,
Kevin Volland,2021,43,12,9,9,0,0,3078,
Luis Suárez,2018,49,23,14,10,0,0,4132,
Luis Suárez,2019,36,21,12,7,0,0,2658,
Luis Suárez,2020,38,21,3,7,0,0,2983,
Luis Suárez,2021,37,11,3,9,0,0,2000,
Gareth Bale,2018,42,14,7,4,0,0,2619,
Gareth Bale,2019,20,3,2,2,1,0,1260,
Gareth Bale,2020,34,16,3,1,0,0,1667,
Gareth Bale,2021,5,1,0,2,0,0,270,
Patrik Schick,2018,32,5,3,5,0,0,1745,
Patrik Schick,2019,28,10,3,3,0,0,1628,
Patrik Schick,2020,36,13,2,5,0,0,2292,
Patrik Schick,2021,24,20,3,0,0,0,1702,
Gabriel,2018,22,1,0,1,0,0,1689,
Gabriel,2019,34,1,0,6,0,0,2987,
Gabriel,2020,32,3,1,3,1,0,2806,
Gabriel,2021,29,3,0,4,1,0,2440,
Tiemoué Bakayoko,2018,42,1,1,8,1,0,3274,
Tiemoué Bakayoko,2019,23,1,2,4,0,1,1899,
Tiemoué Bakayoko,2020,44,2,2,5,1,0,2658,
Tiemoué Bakayoko,2021,17,0,0,4,0,0,597,
Emre Can,2018,37,4,1,9,0,0,2255,
Emre Can,2019,23,2,1,7,0,1,1415,
Emre Can,2020,40,2,5,7,0,0,3142,
Emre Can,2021,22,3,0,4,0,1,1446,
Stefano Sensi,2018,30,2,4,8,0,0,2142,
Stefano Sensi,2019,19,3,4,3,0,0,1012,
Stefano Sensi,2020,21,0,0,2,0,1,635,
Stefano Sensi,2021,18,2,0,0,0,0,634,
Dominik Szoboszlai,2018,29,11,10,1,0,0,1689,
Dominik Szoboszlai,2019,40,12,18,5,0,0,2674,
Dominik Szoboszlai,2020,22,9,11,2,0,0,1657,
Dominik Szoboszlai,2021,32,8,7,2,0,0,1622,
Mario Pasalic,2018,42,8,6,1,0,0,2027,
Mario Pasalic,2019,45,12,7,7,0,0,3205,
Mario Pasalic,2020,33,6,3,2,0,0,1429,
Mario Pasalic,2021,37,10,9,5,0,0,2005,
Marash Kumbulla,2018,6,0,0,0,0,0,304,
Marash Kumbulla,2019,26,1,0,5,1,0,2078,
Marash Kumbulla,2020,28,2,0,9,0,0,1979,
Marash Kumbulla,2021,22,1,0,7,0,0,1441,
Ozan Kabak,2018,34,3,0,7,0,0,2974,
Ozan Kabak,2019,28,3,1,4,0,0,1938,
Ozan Kabak,2020,27,0,0,8,1,0,2369,
Ozan Kabak,2021,13,0,0,2,0,0,1104,
Moise Kean,2018,17,7,0,2,0,0,661,
Moise Kean,2019,33,2,2,1,0,0,1024,
Moise Kean,2020,45,19,1,5,0,0,2472,
Moise Kean,2021,34,5,2,3,0,1,1138,
Ryan Sessegnon,2018,38,2,6,1,0,0,2490,
Ryan Sessegnon,2019,12,1,1,1,0,0,772,
Ryan Sessegnon,2020,29,2,3,4,0,0,1938,
Ryan Sessegnon,2021,16,0,1,1,1,0,954,
Edouard Mendy,2018,41,0,3,0,0,47,15,3720.0
Edouard Mendy,2019,33,0,1,0,1,31,13,2945.0
Edouard Mendy,2020,45,0,2,0,0,30,25,4005.0
Edouard Mendy,2021,35,0,3,0,0,21,18,3239.0
Jordan Veretout,2018,37,5,3,13,0,0,3304,
Jordan Veretout,2019,43,7,1,9,0,0,3215,
Jordan Veretout,2020,38,11,5,6,0,0,2550,
Jordan Veretout,2021,39,4,9,7,0,0,2650,
André Silva,2018,40,11,3,4,0,0,2839,
André Silva,2019,38,16,5,4,0,0,2563,
André Silva,2020,34,29,10,1,0,0,2953,
André Silva,2021,39,15,8,2,0,0,2541,
Thomas Meunier,2018,31,5,7,3,0,0,2368,
Thomas Meunier,2019,27,1,3,8,0,0,2135,
Thomas Meunier,2020,33,1,2,3,0,0,1969,
Thomas Meunier,2021,26,2,5,6,0,0,2096,
Ruben Loftus-Cheek,2018,40,10,5,1,0,0,1955,
Ruben Loftus-Cheek,2019,10,0,2,0,0,0,317,
Ruben Loftus-Cheek,2020,33,1,0,3,0,0,2085,
Ruben Loftus-Cheek,2021,27,0,4,3,0,0,1339,
Cengiz Ünder,2018,33,6,10,1,0,0,1892,
Cengiz Ünder,2019,23,3,0,3,0,0,1152,
Cengiz Ünder,2020,19,2,3,0,0,0,941,
Cengiz Ünder,2021,36,11,4,1,1,0,2649,
Willian,2018,56,8,14,2,0,0,3533,
Willian,2019,47,11,9,4,0,0,3365,
Willian,2020,46,1,9,0,0,0,2344,
Willian,2021,7,1,0,0,0,0,416,
Reinier,2018,15,6,2,1,0,0,727,
Reinier,2019,3,2,1,1,0,0,223,
Reinier,2020,19,1,1,0,0,0,339,
Reinier,2021,16,0,0,0,0,0,317,
Jeff Reine-Adélaïde,2018,36,3,3,2,0,0,2645,
Jeff Reine-Adélaïde,2019,23,3,4,3,0,0,1195,
Jeff Reine-Adélaïde,2020,19,1,4,2,0,0,1319,
Jeff Reine-Adélaïde,2021,5,0,0,0,0,0,144,
Simone Verdi,2018,24,4,3,0,0,0,811,
Simone Verdi,2019,34,2,8,4,0,0,2208,
Simone Verdi,2020,34,3,6,7,0,0,1734,
Simone Verdi,2021,10,3,0,1,0,0,464,
Gianluca Mancini,2018,35,6,1,6,0,0,2598,
Gianluca Mancini,2019,41,1,1,15,1,1,3520,
Gianluca Mancini,2020,41,5,2,13,1,0,3530,
Gianluca Mancini,2021,35,1,0,17,1,0,3069,
Arkadiusz Milik,2018,47,20,4,7,0,0,3153,
Arkadiusz Milik,2019,35,14,0,6,0,0,2109,
Arkadiusz Milik,2020,16,10,1,2,0,0,1315,
Arkadiusz Milik,2021,31,20,1,1,0,0,1983,
Ross Barkley,2018,48,5,6,4,0,0,2725,
Ross Barkley,2019,31,5,5,1,0,0,1700,
Ross Barkley,2020,27,4,1,0,0,0,1667,
Ross Barkley,2021,12,0,0,0,0,0,428,
Amad Diallo,2018,42,18,13,1,0,0,2543,
Amad Diallo,2019,27,8,11,1,0,0,1853,
Amad Diallo,2020,13,5,4,2,0,0,568,
Amad Diallo,2021,9,3,1,0,0,0,474,
Suso,2018,41,8,10,8,1,0,3446,
Suso,2019,40,3,3,2,0,0,2635,
Suso,2020,44,4,6,2,0,0,2874,
Suso,2021,12,0,1,1,0,0,615,
Timothy Castagne,2018,37,5,4,3,0,0,2671,
Timothy Castagne,2019,33,2,3,5,0,0,2157,
Timothy Castagne,2020,34,2,4,0,0,0,2838,
Timothy Castagne,2021,22,1,0,1,0,0,1783,
Alexander Sörloth,2018,38,6,4,1,0,0,2366,
Alexander Sörloth,2019,49,33,11,3,0,1,4075,
Alexander Sörloth,2020,37,6,3,2,0,0,1718,
Alexander Sörloth,2021,35,5,1,1,0,0,1487,
Diego Llorente,2018,23,0,0,7,0,0,1931,
Diego Llorente,2019,30,1,2,4,1,0,2418,
Diego Llorente,2020,17,2,0,1,0,0,1340,
Diego Llorente,2021,24,2,0,6,0,0,1907,
Lucas Paquetá,2018,17,1,2,5,0,1,1178,
Lucas Paquetá,2019,27,0,1,7,0,0,1199,
Lucas Paquetá,2020,34,10,6,5,1,0,2547,
Lucas Paquetá,2021,34,9,5,4,0,0,2496,
Pierre-Emile Höjbjerg,2018,33,4,4,7,1,1,2944,
Pierre-Emile Höjbjerg,2019,38,0,1,5,0,0,3200,
Pierre-Emile Höjbjerg,2020,53,2,5,12,0,0,4323,
Pierre-Emile Höjbjerg,2021,39,3,4,2,0,0,3176,
Morgan Sanson,2018,37,5,4,9,0,0,2700,
Morgan Sanson,2019,30,5,5,7,0,0,2411,
Morgan Sanson,2020,28,2,3,6,0,0,1524,
Morgan Sanson,2021,11,0,1,0,0,0,367,
Chris Smalling,2018,34,1,0,2,0,0,3028,
Chris Smalling,2019,37,3,2,4,0,0,3196,
Chris Smalling,2020,21,0,1,4,0,0,1360,
Chris Smalling,2021,27,3,0,0,0,0,1981,
Weston McKennie,2018,33,2,6,7,0,0,2329,
Weston McKennie,2019,32,3,1,9,0,0,2330,
Weston McKennie,2020,46,6,3,5,0,0,2401,
Weston McKennie,2021,28,4,0,1,0,0,1951,
Ivan Rakitic,2018,54,5,10,8,1,0,4237,
Ivan Rakitic,2019,42,1,5,6,0,0,2111,
Ivan Rakitic,2020,50,8,5,4,0,0,3090,
Ivan Rakitic,2021,37,6,4,6,0,0,2383,
Willian José,2018,34,11,5,5,0,1,2584,
Willian José,2019,41,11,1,5,0,0,2160,
Willian José,2020,39,7,2,0,0,0,2145,
Willian José,2021,35,10,5,2,0,0,1735,
Dani Parejo,2018,56,10,9,11,0,1,4695,
Dani Parejo,2019,47,10,6,5,1,0,4140,
Dani Parejo,2020,53,3,8,7,0,0,4285,
Dani Parejo,2021,34,3,8,4,0,0,2804,
Takefusa Kubo,2018,16,5,4,0,0,0,1111,
Takefusa Kubo,2019,36,4,5,4,0,0,2398,
Takefusa Kubo,2020,37,2,4,2,1,0,1488,
Takefusa Kubo,2021,23,2,3,3,0,0,1444,
Justin Kluivert,2018,35,2,8,3,0,0,1744,
Justin Kluivert,2019,31,7,2,6,1,0,2130,
Justin Kluivert,2020,29,4,1,4,0,0,1029,
Justin Kluivert,2021,21,5,5,5,0,1,1463,
Luka Jovic,2018,48,27,7,2,0,0,3302,
Luka Jovic,2019,27,2,2,2,0,0,806,
Luka Jovic,2020,23,4,1,2,0,0,1095,
Luka Jovic,2021,17,1,2,1,0,0,473,
Douglas Costa,2018,25,1,1,2,0,1,969,
Douglas Costa,2019,29,3,7,2,0,0,1084,
Douglas Costa,2020,50,4,5,7,0,0,2555,
Douglas Costa,2021,4,1,0,1,0,0,267,
Henrikh Mkhitaryan,2018,39,6,7,3,0,0,2522,
Henrikh Mkhitaryan,2019,30,9,6,6,0,0,1942,
Henrikh Mkhitaryan,2020,46,15,13,2,0,0,3427,
Henrikh Mkhitaryan,2021,36,3,7,1,1,0,2821,
Rayan Aït-Nouri,2018,3,0,0,1,0,0,53,
Rayan Aït-Nouri,2019,17,0,3,3,0,0,1286,
Rayan Aït-Nouri,2020,27,1,2,2,0,0,1815,
Rayan Aït-Nouri,2021,21,0,6,4,0,0,1711,
Edinson Cavani,2018,33,23,9,3,0,0,2391,
Edinson Cavani,2019,22,7,3,2,0,0,1096,
Edinson Cavani,2020,39,17,6,5,0,0,2180,
Edinson Cavani,2021,17,2,1,1,0,0,761,
Andrea Pinamonti,2018,27,5,3,2,0,0,1622,
Andrea Pinamonti,2019,34,7,3,1,0,0,2418,
Andrea Pinamonti,2020,10,1,0,0,0,0,172,
Andrea Pinamonti,2021,30,9,2,2,0,0,2287,
Raphinha,2018,36,7,5,9,0,0,2358,
Raphinha,2019,35,9,5,9,0,0,2706,
Raphinha,2020,38,8,11,4,0,0,2892,
Raphinha,2021,28,9,3,6,0,0,2295,
Bertrand Traoré,2018,48,11,4,6,0,0,2717,
Bertrand Traoré,2019,35,4,5,7,0,0,1913,
Bertrand Traoré,2020,38,8,7,1,0,0,2481,
Bertrand Traoré,2021,8,0,0,0,0,0,235,
Marc Cucurella,2018,33,2,2,6,0,0,2536,
Marc Cucurella,2019,46,1,6,10,0,0,3749,
Marc Cucurella,2020,39,3,2,9,0,0,3324,
Marc Cucurella,2021,30,0,2,4,0,0,2480,
Ainsley Maitland-Niles,2018,31,2,3,1,1,0,2188,
Ainsley Maitland-Niles,2019,33,1,2,4,1,0,2076,
Ainsley Maitland-Niles,2020,36,0,2,2,0,0,2416,
Ainsley Maitland-Niles,2021,20,0,1,0,0,0,1016,
Hélder Costa,2018,30,2,2,3,0,0,1529,
Hélder Costa,2019,46,5,8,3,0,0,3164,
Hélder Costa,2020,27,5,5,0,0,0,1512,
Hélder Costa,2021,26,0,2,3,0,0,1180,
Geoffrey Kondogbia,2018,29,1,1,6,0,0,1980,
Geoffrey Kondogbia,2019,34,2,1,7,0,0,2350,
Geoffrey Kondogbia,2020,32,0,0,5,0,0,1211,
Geoffrey Kondogbia,2021,29,1,2,9,1,0,1746,
Christian Kouamé,2018,39,4,6,4,0,0,3163,
Christian Kouamé,2019,19,6,5,1,0,0,1287,
Christian Kouamé,2020,36,2,1,5,0,0,1161,
Christian Kouamé,2021,27,11,5,3,0,1,2222,
Emiliano Martínez,2018,20,0,2,0,0,24,6,1800.0
Emiliano Martínez,2019,23,0,2,0,0,24,9,2030.0
Emiliano Martínez,2020,39,0,1,0,0,47,15,3510.0
Emiliano Martínez,2021,29,0,4,0,0,38,9,2610.0
Robin Koch,2018,25,1,0,3,0,0,1987,
Robin Koch,2019,34,2,0,4,0,0,2807,
Robin Koch,2020,19,0,0,2,0,0,1235,
Robin Koch,2021,14,0,0,3,0,0,1101,
Fikayo Tomori,2018,55,2,1,9,0,0,4811,
Fikayo Tomori,2019,22,2,1,4,0,0,1868,
Fikayo Tomori,2020,26,1,0,0,0,0,2129,
Fikayo Tomori,2021,31,1,0,4,0,0,2558,
William Saliba,2018,22,0,0,2,0,0,1816,
William Saliba,2019,17,0,0,1,0,0,1441,
William Saliba,2020,30,1,0,5,1,0,2658,
William Saliba,2021,40,0,0,6,0,0,3595,
Matt Doherty,2018,45,8,10,5,0,0,3723,
Matt Doherty,2019,50,7,5,2,0,0,4018,
Matt Doherty,2020,29,0,4,4,1,0,2310,
Matt Doherty,2021,24,1,4,0,0,0,1541,
Keita Baldé,2018,30,5,2,1,1,0,1089,
Keita Baldé,2019,26,8,4,5,0,0,1266,
Keita Baldé,2020,26,7,2,4,0,1,1257,
Keita Baldé,2021,18,3,2,2,0,0,930,
Joachim Andersen,2018,34,0,0,7,0,0,3090,
Joachim Andersen,2019,32,2,0,4,0,0,2425,
Joachim Andersen,2020,34,1,1,8,0,1,2921,
Joachim Andersen,2021,29,0,1,3,0,0,2465,
Malang Sarr,2018,38,1,1,2,0,0,3264,
Malang Sarr,2019,20,1,0,2,0,0,1541,
Malang Sarr,2020,27,2,0,4,0,0,2109,
Malang Sarr,2021,18,0,0,3,0,0,1394,
Alexis Sánchez,2018,27,2,4,3,0,0,1240,
Alexis Sánchez,2019,32,4,10,3,1,0,1392,
Alexis Sánchez,2020,38,7,8,2,0,0,1556,
Alexis Sánchez,2021,31,7,5,0,1,0,1201,
Andreas Pereira,2018,23,1,1,5,0,0,951,
Andreas Pereira,2019,40,2,4,4,0,0,2267,
Andreas Pereira,2020,57,6,5,10,1,0,2723,
Andreas Pereira,2021,7,0,0,3,0,0,516,
Joe Willock,2018,20,12,2,2,0,0,1551,
Joe Willock,2019,44,5,1,4,0,0,1855,
Joe Willock,2020,32,11,3,2,0,0,1979,
Joe Willock,2021,26,2,0,0,0,0,1808,
Alfred Duncan,2018,28,5,4,8,0,1,2030,
Alfred Duncan,2019,27,2,6,5,0,0,1826,
Alfred Duncan,2020,24,0,2,2,0,0,1319,
Alfred Duncan,2021,27,1,2,2,0,0,1382,
Jhon Córdoba,2018,33,21,3,4,0,1,2012,
Jhon Córdoba,2019,31,14,3,7,0,0,2154,
Jhon Córdoba,2020,21,7,2,3,0,0,1541,
Jhon Córdoba,2021,16,6,4,2,0,0,1029,
Óscar Rodríguez,2018,32,4,4,6,0,0,2540,
Óscar Rodríguez,2019,32,9,2,6,0,1,2044,
Óscar Rodríguez,2020,29,2,2,4,0,0,1009,
Óscar Rodríguez,2021,24,0,0,2,0,0,1112,
Giovanni Simeone,2018,40,8,4,2,0,0,2524,
Giovanni Simeone,2019,37,12,4,4,0,0,2935,
Giovanni Simeone,2020,33,6,2,1,0,0,1741,
Giovanni Simeone,2021,29,15,4,7,0,0,2006,
Ibrahima Diallo,2018,28,0,0,5,0,0,1909,
Ibrahima Diallo,2019,22,0,1,3,0,0,1787,
Ibrahima Diallo,2020,32,0,0,5,0,0,1902,
Ibrahima Diallo,2021,26,1,2,3,0,0,1298,
Papu Gómez,2018,46,11,13,5,0,0,3913,
Papu Gómez,2019,46,8,18,2,0,0,3610,
Papu Gómez,2020,39,8,5,0,0,0,2298,
Papu Gómez,2021,32,5,3,3,0,0,2072,
Jean-Philippe Mateta,2018,36,14,3,2,0,0,2563,
Jean-Philippe Mateta,2019,18,3,1,0,1,0,1056,
Jean-Philippe Mateta,2020,25,13,1,3,0,0,1458,
Jean-Philippe Mateta,2021,19,5,1,1,0,0,1021,
Valentino Lazaro,2018,34,3,7,7,0,0,3043,
Valentino Lazaro,2019,26,2,2,2,0,1,1092,
Valentino Lazaro,2020,28,2,1,4,0,0,1503,
Valentino Lazaro,2021,26,0,2,1,0,0,1213,
Carles Aleñá,2018,35,5,1,6,0,0,1716,
Carles Aleñá,2019,24,1,2,3,0,0,1199,
Carles Aleñá,2020,27,2,2,3,0,0,1537,
Carles Aleñá,2021,25,1,2,6,0,1,1989,
Wylan Cyprien,2018,30,4,2,1,1,0,2454,
Wylan Cyprien,2019,24,8,5,1,1,0,2089,
Wylan Cyprien,2020,15,0,0,2,0,0,523,
Wylan Cyprien,2021,19,1,1,1,0,0,1005,
Karl Toko Ekambi,2018,43,18,7,5,0,0,2752,
Karl Toko Ekambi,2019,35,8,6,2,0,0,2123,
Karl Toko Ekambi,2020,39,14,7,3,0,0,2905,
Karl Toko Ekambi,2021,31,13,5,4,0,0,2256,
Francis Coquelin,2018,42,0,1,9,0,0,2810,
Francis Coquelin,2019,36,0,2,8,1,0,2579,
Francis Coquelin,2020,32,0,0,7,0,0,1429,
Francis Coquelin,2021,20,1,2,2,1,0,824,
Cristian Romero,2018,29,2,1,10,1,1,2519,
Cristian Romero,2019,33,1,2,14,1,0,2880,
Cristian Romero,2020,42,3,5,15,0,0,3532,
Cristian Romero,2021,24,1,0,10,1,0,2011,
Michy Batshuayi,2018,36,9,0,4,0,0,1963,
Michy Batshuayi,2019,25,8,3,1,0,0,746,
Michy Batshuayi,2020,20,2,2,0,0,0,897,
Michy Batshuayi,2021,34,12,5,5,0,0,2693,
Andrea Pinamonti,2018,27,5,3,2,0,0,1622,
Andrea Pinamonti,2019,34,7,3,1,0,0,2418,
Andrea Pinamonti,2020,10,1,0,0,0,0,172,
Andrea Pinamonti,2021,30,9,2,2,0,0,2287,
Grady Diangana,2018,30,4,1,0,0,0,1665,
Grady Diangana,2019,31,8,7,2,0,0,1934,
Grady Diangana,2020,22,2,0,0,0,0,1324,
Grady Diangana,2021,35,2,1,2,0,0,1606,
Axel Disasi,2018,15,1,0,0,0,0,1147,
Axel Disasi,2019,32,1,0,3,0,0,2880,
Axel Disasi,2020,35,3,0,4,0,2,2491,
Axel Disasi,2021,38,3,0,5,0,0,3052,
Arne Maier,2018,26,0,0,2,0,0,2248,
Arne Maier,2019,16,0,0,0,0,0,722,
Arne Maier,2020,19,0,1,0,0,0,1077,
Arne Maier,2021,22,1,6,0,0,0,1522,
Brahim Díaz,2018,15,3,2,0,0,0,607,
Brahim Díaz,2019,10,1,1,1,0,0,206,
Brahim Díaz,2020,39,7,4,3,0,0,1868,
Brahim Díaz,2021,33,4,4,5,0,0,2103,
Luca Pellegrini,2018,18,0,2,4,2,0,1128,
Luca Pellegrini,2019,24,0,6,10,0,0,1911,
Luca Pellegrini,2020,12,0,1,3,0,0,728,
Luca Pellegrini,2021,16,0,1,6,0,0,971,
Juan Foyth,2018,17,1,0,4,0,1,1258,
Juan Foyth,2019,7,0,0,1,0,0,262,
Juan Foyth,2020,32,1,2,7,0,0,2448,
Juan Foyth,2021,27,0,0,4,1,0,2213,
Kyle Walker-Peters,2018,10,0,3,2,0,0,705,
Kyle Walker-Peters,2019,15,0,0,1,0,0,1123,
Kyle Walker-Peters,2020,35,0,3,5,0,0,3093,
Kyle Walker-Peters,2021,28,2,4,5,0,0,2231,
Marko Rog,2018,24,1,0,8,0,0,805,
Marko Rog,2019,32,2,1,10,0,0,2443,
Marko Rog,2020,16,0,0,2,0,0,1278,
Marko Rog,2021,0,0,0,0,0,0,0,
Alphonse Areola,2018,31,0,1,0,0,27,16,2805.0
Alphonse Areola,2019,13,0,1,0,0,14,5,1124.0
Alphonse Areola,2020,37,0,2,0,0,48,10,3330.0
Alphonse Areola,2021,14,0,0,0,0,11,7,1320.0
Roberto Inglese,2018,25,9,2,3,0,0,1968,
Roberto Inglese,2019,19,4,1,1,0,0,897,
Roberto Inglese,2020,14,0,2,2,0,0,573,
Roberto Inglese,2021,21,3,3,1,0,0,984,
Rolando Mandragora,2018,36,3,1,9,0,1,3042,
Rolando Mandragora,2019,28,3,3,2,0,0,2224,
Rolando Mandragora,2020,27,3,1,2,1,0,1919,
Rolando Mandragora,2021,20,1,2,5,1,0,1359,
Martin Terrier,2018,42,11,0,4,0,0,2098,
Martin Terrier,2019,35,6,2,0,0,0,1969,
Martin Terrier,2020,38,9,8,2,0,1,2728,
Martin Terrier,2021,37,16,4,1,0,0,2604,
Hee-chan Hwang,2018,21,2,2,1,0,0,1331,
Hee-chan Hwang,2019,40,16,22,3,0,0,2572,
Hee-chan Hwang,2020,26,3,3,3,0,0,753,
Hee-chan Hwang,2021,26,5,2,1,0,0,1528,
Mohammed Salisu,2018,28,0,0,6,0,0,2326,
Mohammed Salisu,2019,32,1,1,4,0,0,2846,
Mohammed Salisu,2020,15,0,0,1,0,0,949,
Mohammed Salisu,2021,30,1,0,8,1,0,2642,
Álex Berenguer,2018,34,2,4,5,0,0,1662,
Álex Berenguer,2019,37,6,4,5,0,0,2439,
Álex Berenguer,2020,45,9,5,4,0,0,2942,
Álex Berenguer,2021,33,2,7,7,0,0,2078,
Habib Diallo,2018,43,26,7,6,0,0,2954,
Habib Diallo,2019,27,12,3,2,0,1,2290,
Habib Diallo,2020,36,9,3,2,0,0,2474,
Habib Diallo,2021,25,10,1,3,0,0,1333,
Santiago Arias,2018,33,1,2,4,0,0,2477,
Santiago Arias,2019,18,0,1,1,0,0,1394,
Santiago Arias,2020,1,0,0,0,0,0,90,
Santiago Arias,2021,10,1,0,1,0,0,502,
Gonçalo Paciência,2018,18,5,1,3,0,0,461,
Gonçalo Paciência,2019,43,10,6,5,0,0,2231,
Gonçalo Paciência,2020,16,1,2,2,0,0,773,
Gonçalo Paciência,2021,18,4,1,6,0,0,355,
Demarai Gray,2018,39,4,1,2,0,0,2271,
Demarai Gray,2019,29,3,5,1,0,0,1060,
Demarai Gray,2020,18,4,3,0,0,0,1013,
Demarai Gray,2021,28,6,3,3,0,0,2032,
Daniele Rugani,2018,20,2,0,4,0,0,1711,
Daniele Rugani,2019,14,0,0,2,0,0,1047,
Daniele Rugani,2020,18,1,1,3,0,0,1109,
Daniele Rugani,2021,15,1,0,2,0,0,1075,
Alfred Duncan,2018,28,5,4,8,0,1,2030,
Alfred Duncan,2019,27,2,6,5,0,0,1826,
Alfred Duncan,2020,24,0,2,2,0,0,1319,
Alfred Duncan,2021,27,1,2,2,0,0,1382,
Diogo Dalot,2018,25,0,3,4,0,0,1695,
Diogo Dalot,2019,11,1,0,1,0,0,577,
Diogo Dalot,2020,34,2,3,5,0,0,2135,
Diogo Dalot,2021,22,0,0,4,0,0,1620,
Benjamin Henrichs,2018,30,1,3,4,0,0,2457,
Benjamin Henrichs,2019,15,0,0,3,0,0,1069,
Benjamin Henrichs,2020,20,0,1,5,0,0,704,
Benjamin Henrichs,2021,27,3,3,3,0,0,1357,
David Silva,2018,50,10,14,4,0,0,3727,
David Silva,2019,41,6,11,0,0,0,2687,
David Silva,2020,26,2,5,5,0,0,1836,
David Silva,2021,26,1,2,3,0,0,1576,
Rolando Mandragora,2018,36,3,1,9,0,1,3042,
Rolando Mandragora,2019,28,3,3,2,0,0,2224,
Rolando Mandragora,2020,27,3,1,2,1,0,1919,
Rolando Mandragora,2021,20,1,2,5,1,0,1359,
Maxime López,2018,39,1,4,4,0,0,2722,
Maxime López,2019,27,0,3,3,0,0,1448,
Maxime López,2020,34,2,0,8,0,0,2069,
Maxime López,2021,30,1,1,11,0,0,2552,
Theo Walcott,2018,40,6,2,1,0,0,2168,
Theo Walcott,2019,29,2,4,1,0,0,1449,
Theo Walcott,2020,25,3,3,0,0,0,1838,
Theo Walcott,2021,12,0,0,0,0,0,485,
Patrick Cutrone,2018,43,9,2,2,0,0,1910,
Patrick Cutrone,2019,45,8,6,2,0,0,1804,
Patrick Cutrone,2020,24,0,1,0,0,0,485,
Patrick Cutrone,2021,25,2,2,2,0,0,1301,
Rolando Mandragora,2018,36,3,1,9,0,1,3042,
Rolando Mandragora,2019,28,3,3,2,0,0,2224,
Rolando Mandragora,2020,27,3,1,2,1,0,1919,
Rolando Mandragora,2021,20,1,2,5,1,0,1359,
Jean-Clair Todibo,2018,12,1,1,4,1,0,994,
Jean-Clair Todibo,2019,13,0,0,2,0,0,664,
Jean-Clair Todibo,2020,19,1,0,6,0,0,1610,
Jean-Clair Todibo,2021,30,1,0,6,0,0,2585,
Shkodran Mustafi,2018,40,3,0,9,0,0,3333,
Shkodran Mustafi,2019,27,1,1,6,0,0,2253,
Shkodran Mustafi,2020,22,1,0,3,0,0,1570,
Shkodran Mustafi,2021,11,1,0,1,0,0,689,
Anthony Knockaert,2018,36,4,7,4,0,1,2384,
Anthony Knockaert,2019,46,4,5,8,0,0,3133,
Anthony Knockaert,2020,38,3,3,5,1,0,2753,
Anthony Knockaert,2021,7,0,0,0,0,0,216,
Pol Lirola,2018,38,2,7,2,0,0,3180,
Pol Lirola,2019,39,1,2,4,0,0,2933,
Pol Lirola,2020,35,2,5,7,0,0,2249,
Pol Lirola,2021,38,1,2,1,0,0,2169,
Hannes Wolf,2018,40,11,12,2,0,0,2730,
Hannes Wolf,2019,5,0,0,0,0,0,53,
Hannes Wolf,2020,43,4,2,2,0,0,1616,
Hannes Wolf,2021,18,0,1,4,0,0,1168,
Tanguy Nianzou,2018,6,0,0,0,0,0,540,
Tanguy Nianzou,2019,15,3,3,3,0,0,1085,
Tanguy Nianzou,2020,6,0,0,1,0,1,113,
Tanguy Nianzou,2021,17,1,1,3,0,0,563,
Arturo Vidal,2018,53,3,7,10,0,0,2744,
Arturo Vidal,2019,43,8,4,7,1,0,2245,
Arturo Vidal,2020,30,2,2,7,1,0,1684,
Arturo Vidal,2021,33,2,4,5,0,0,1212,
Baptiste Santamaria,2018,40,1,0,2,0,0,3427,
Baptiste Santamaria,2019,30,1,1,1,0,0,2716,
Baptiste Santamaria,2020,34,1,2,6,0,0,2568,
Baptiste Santamaria,2021,38,2,2,7,0,0,2583,
Alfred Gomis,2018,21,0,0,0,0,27,7,1811.0
Alfred Gomis,2019,21,0,0,0,0,21,7,1800.0
Alfred Gomis,2020,32,0,1,0,0,44,5,2880.0
Alfred Gomis,2021,29,0,2,0,0,29,11,2576.0
Ridle Baku,2018,17,0,1,2,0,0,1092,
Ridle Baku,2019,31,1,3,5,0,1,2424,
Ridle Baku,2020,38,6,9,2,0,0,3166,
Ridle Baku,2021,34,4,3,4,0,0,2443,
Carlos Fernández,2018,29,10,3,8,0,0,2236,
Carlos Fernández,2019,41,14,4,9,0,0,2704,
Carlos Fernández,2020,19,1,2,5,0,0,608,
Carlos Fernández,2021,0,0,0,0,0,0,0,
Manolo Portanova,2018,40,12,7,7,0,0,2901,
Manolo Portanova,2019,32,2,0,6,0,0,1713,
Manolo Portanova,2020,6,0,0,1,0,0,211,
Manolo Portanova,2021,19,1,1,4,0,0,1114,
Karol Linetty,2018,35,3,3,11,0,0,2589,
Karol Linetty,2019,30,4,3,4,0,0,2196,
Karol Linetty,2020,30,1,0,6,0,0,2029,
Karol Linetty,2021,16,0,3,2,0,0,996,
Borja Mayoral,2018,34,5,2,2,0,0,1964,
Borja Mayoral,2019,36,9,2,2,0,0,2248,
Borja Mayoral,2020,47,17,7,1,0,0,2320,
Borja Mayoral,2021,20,4,2,1,0,0,690,
Jesse Lingard,2018,36,5,4,6,0,0,2201,
Jesse Lingard,2019,40,4,2,5,0,0,1888,
Jesse Lingard,2020,19,9,5,3,0,0,1604,
Jesse Lingard,2021,19,2,1,1,0,0,392,
Mario Lemina,2018,23,1,1,5,0,0,1794,
Mario Lemina,2019,28,1,0,8,0,0,2228,
Mario Lemina,2020,30,1,1,5,0,0,1849,
Mario Lemina,2021,29,2,0,4,0,0,1795,
Ademola Lookman,2018,24,1,2,0,0,0,830,
Ademola Lookman,2019,13,0,0,0,0,0,377,
Ademola Lookman,2020,35,4,4,5,0,0,2800,
Ademola Lookman,2021,31,6,5,2,0,0,1836,
Marco Benassi,2018,36,9,1,7,0,1,2644,
Marco Benassi,2019,22,3,1,1,0,0,1321,
Marco Benassi,2020,0,0,0,0,0,0,0,
Marco Benassi,2021,15,0,0,2,0,0,451,
Daniele Rugani,2018,20,2,0,4,0,0,1711,
Daniele Rugani,2019,14,0,0,2,0,0,1047,
Daniele Rugani,2020,18,1,1,3,0,0,1109,
Daniele Rugani,2021,15,1,0,2,0,0,1075,
Alessandro Florenzi,2018,38,3,3,5,1,0,2891,
Alessandro Florenzi,2019,32,0,1,6,0,1,2014,
Alessandro Florenzi,2020,36,2,1,1,0,0,2734,
Alessandro Florenzi,2021,26,1,0,2,0,0,1377,
Rony Lopes,2018,29,4,2,2,0,0,2199,
Rony Lopes,2019,15,0,1,0,0,0,683,
Rony Lopes,2020,33,5,2,1,0,0,2110,
Rony Lopes,2021,22,2,4,0,0,0,849,
Davide Zappacosta,2018,17,0,2,1,0,0,1020,
Davide Zappacosta,2019,9,0,1,0,0,0,446,
Davide Zappacosta,2020,25,4,2,3,0,0,2047,
Davide Zappacosta,2021,34,2,4,6,0,0,2252,
Eddie Salcedo,2018,35,13,4,4,1,0,2280,
Eddie Salcedo,2019,17,1,0,0,0,0,677,
Eddie Salcedo,2020,23,3,2,3,0,0,956,
Eddie Salcedo,2021,10,2,0,1,0,0,492,
Michaël Cuisance,2018,14,1,2,3,0,0,402,
Michaël Cuisance,2019,15,3,1,2,0,0,672,
Michaël Cuisance,2020,31,2,1,3,0,0,1305,
Michaël Cuisance,2021,9,1,1,1,0,0,586,
William,2018,33,2,3,11,0,0,2857,
William,2019,22,3,2,3,0,0,1862,
William,2020,11,0,0,3,0,0,552,
William,2021,0,0,0,0,0,0,0,
Takumi Minamino,2018,45,14,10,4,0,0,2535,
Takumi Minamino,2019,36,9,11,2,0,0,2092,
Takumi Minamino,2020,27,6,2,2,0,0,1460,
Takumi Minamino,2021,23,9,1,2,0,0,917,
Seko Fofana,2018,32,2,3,5,0,0,2746,
Seko Fofana,2019,35,3,8,4,0,0,2422,
Seko Fofana,2020,32,2,4,2,0,0,2429,
Seko Fofana,2021,32,9,1,2,0,0,2817,
Morgan Schneiderlin,2018,16,0,1,3,0,0,916,
Morgan Schneiderlin,2019,18,0,1,4,1,0,1184,
Morgan Schneiderlin,2020,35,0,0,11,1,0,2781,
Morgan Schneiderlin,2021,20,0,1,2,0,1,831,
Rafinha,2018,8,1,0,1,0,0,348,
Rafinha,2019,33,4,2,5,0,1,2344,
Rafinha,2020,34,0,7,4,0,0,1646,
Rafinha,2021,17,1,0,0,0,0,886,
Alexander Nübel,2018,22,0,1,0,1,32,7,1979.0
Alexander Nübel,2019,29,0,1,0,1,44,7,2616.0
Alexander Nübel,2020,4,0,0,0,0,4,1,360.0
Alexander Nübel,2021,40,0,1,0,0,41,12,3630.0
Adam Lallana,2018,16,0,0,2,0,0,568,
Adam Lallana,2019,22,1,2,2,0,0,869,
Adam Lallana,2020,31,1,1,0,0,0,1667,
Adam Lallana,2021,22,0,1,4,0,0,1560,
Pedro,2018,52,13,5,3,0,0,3099,
Pedro,2019,23,2,3,1,0,0,1273,
Pedro,2020,40,6,7,3,1,0,2429,
Pedro,2021,38,9,5,6,0,0,2466,
Kenedy,2018,28,1,1,1,0,0,1613,
Kenedy,2019,27,3,5,4,0,0,946,
Kenedy,2020,61,9,7,7,0,0,3050,
Kenedy,2021,2,0,0,0,0,0,71,
Carles Pérez,2018,27,9,4,2,0,0,2181,
Carles Pérez,2019,30,5,6,2,0,0,1476,
Carles Pérez,2020,31,3,3,0,0,0,1359,
Carles Pérez,2021,21,2,1,2,0,0,777,
Enes Ünal,2018,34,6,3,7,0,0,2174,
Enes Ünal,2019,37,8,2,4,0,0,2502,
Enes Ünal,2020,29,5,2,4,0,0,1342,
Enes Ünal,2021,28,14,0,7,0,0,2012,
Bouna Sarr,2018,37,1,1,4,1,0,2624,
Bouna Sarr,2019,32,2,3,3,0,0,2535,
Bouna Sarr,2020,17,0,3,2,0,0,884,
Bouna Sarr,2021,12,1,0,1,0,0,274,
Dalbert,2018,12,1,1,2,0,0,870,
Dalbert,2019,34,0,9,10,0,1,2751,
Dalbert,2020,18,0,1,3,1,0,603,
Dalbert,2021,25,0,1,8,0,0,1798,
Joshua Zirkzee,2018,34,22,9,2,0,1,2439,
Joshua Zirkzee,2019,34,12,6,3,1,0,1692,
Joshua Zirkzee,2020,13,0,2,0,0,1,500,
Joshua Zirkzee,2021,38,15,9,2,0,0,2489,
Ethan Ampadu,2018,12,0,0,2,0,0,823,
Ethan Ampadu,2019,7,0,0,1,0,0,277,
Ethan Ampadu,2020,29,0,0,4,0,0,2451,
Ethan Ampadu,2021,23,0,3,10,0,1,1749,
Jeff Hendrick,2018,41,3,2,4,0,0,2735,
Jeff Hendrick,2019,27,3,2,8,0,0,2140,
Jeff Hendrick,2020,23,2,1,1,1,0,1544,
Jeff Hendrick,2021,14,1,0,0,0,0,790,
Bryan Gil,2018,36,5,7,7,0,1,1902,
Bryan Gil,2019,19,2,1,4,0,0,810,
Bryan Gil,2020,30,4,4,6,0,0,2303,
Bryan Gil,2021,30,0,2,6,0,0,1479,
Karim Rekik,2018,27,0,0,5,0,1,2370,
Karim Rekik,2019,16,1,0,0,0,0,1470,
Karim Rekik,2020,23,0,0,3,0,0,1406,
Karim Rekik,2021,23,0,2,3,0,0,1413,
Alberto Grassi,2018,7,0,0,0,0,0,462,
Alberto Grassi,2019,17,1,2,7,0,0,660,
Alberto Grassi,2020,23,0,0,3,0,0,1178,
Alberto Grassi,2021,24,0,2,3,0,0,1631,
Grégoire Defrel,2018,39,12,2,2,0,0,2514,
Grégoire Defrel,2019,17,3,3,1,0,0,977,
Grégoire Defrel,2020,28,3,2,1,0,0,1330,
Grégoire Defrel,2021,32,2,2,3,0,0,1187,
Yann Karamoh,2018,33,3,3,3,0,0,1677,
Yann Karamoh,2019,15,1,1,0,0,0,582,
Yann Karamoh,2020,26,4,2,3,0,0,1449,
Yann Karamoh,2021,27,3,2,3,0,1,1388,
Caio Henrique,2018,43,1,3,3,0,0,3870,
Caio Henrique,2019,2,0,0,1,0,1,180,
Caio Henrique,2020,36,0,5,0,0,0,2594,
Caio Henrique,2021,40,1,10,4,0,0,3098,
Sergio Rico,2018,33,0,1,0,0,60,6,2970.0
Sergio Rico,2019,10,0,0,0,0,6,6,821.0
Sergio Rico,2020,13,0,0,0,0,9,8,1078.0
Sergio Rico,2021,10,0,0,0,0,18,0,832.0
Antonin Barak,2018,9,0,0,0,0,0,400,
Antonin Barak,2019,27,3,1,1,0,0,1738,
Antonin Barak,2020,36,7,4,5,0,1,2907,
Antonin Barak,2021,26,10,4,3,0,0,2107,
Adrien Silva,2018,20,0,1,6,0,0,1506,
Adrien Silva,2019,25,0,2,8,0,0,1404,
Adrien Silva,2020,26,1,1,8,1,0,1741,
Adrien Silva,2021,25,1,2,6,0,1,1750,
Panagiotis Retsos,2018,1,0,0,0,0,0,31,
Panagiotis Retsos,2019,7,0,0,1,0,0,285,
Panagiotis Retsos,2020,4,0,0,2,0,0,273,
Panagiotis Retsos,2021,12,0,0,1,0,0,266,
Adam Ounas,2018,26,4,1,2,0,0,783,
Adam Ounas,2019,19,4,4,2,0,1,1401,
Adam Ounas,2020,25,4,5,2,0,0,1621,
Adam Ounas,2021,20,2,0,1,0,0,434,
Sofiane Boufal,2018,35,3,4,6,0,0,2098,
Sofiane Boufal,2019,25,1,2,2,0,0,1082,
Sofiane Boufal,2020,15,1,0,3,0,0,736,
Sofiane Boufal,2021,25,6,5,6,0,0,2073,
Nathaniel Clyne,2018,21,0,1,2,0,0,1523,
Nathaniel Clyne,2019,0,0,0,0,0,0,0,
Nathaniel Clyne,2020,16,0,1,2,0,0,1344,
Nathaniel Clyne,2021,13,0,0,1,0,0,921,
Sead Kolasinac,2018,36,0,9,8,0,0,2789,
Sead Kolasinac,2019,32,0,2,6,0,0,2044,
Sead Kolasinac,2020,27,1,1,5,0,0,2214,
Sead Kolasinac,2021,13,0,1,2,0,0,584,
Pol Lirola,2018,38,2,7,2,0,0,3180,
Pol Lirola,2019,39,1,2,4,0,0,2933,
Pol Lirola,2020,35,2,5,7,0,0,2249,
Pol Lirola,2021,38,1,2,1,0,0,2169,
Mathew Ryan,2018,36,0,2,0,0,58,6,3270.0
Mathew Ryan,2019,38,0,0,0,0,54,9,3420.0
Mathew Ryan,2020,14,0,1,0,0,21,3,1260.0
Mathew Ryan,2021,9,0,0,0,0,14,3,810.0
Adam Ounas,2018,26,4,1,2,0,0,783,
Adam Ounas,2019,19,4,4,2,0,1,1401,
Adam Ounas,2020,25,4,5,2,0,0,1621,
Adam Ounas,2021,20,2,0,1,0,0,434,
Paul Bernardoni,2018,40,0,0,0,0,62,10,3600.0
Paul Bernardoni,2019,26,0,0,0,0,40,6,2324.0
Paul Bernardoni,2020,38,0,1,0,0,58,9,3420.0
Paul Bernardoni,2021,26,0,0,0,0,33,8,2340.0
Mattia De Sciglio,2018,28,0,1,3,0,0,2231,
Mattia De Sciglio,2019,13,0,0,1,0,0,774,
Mattia De Sciglio,2020,34,0,3,5,0,1,1825,
Mattia De Sciglio,2021,24,1,3,2,0,0,1529,
José Callejón,2018,47,4,15,3,0,0,3708,
José Callejón,2019,45,4,10,2,0,0,3001,
José Callejón,2020,22,1,1,0,0,0,767,
José Callejón,2021,26,1,3,0,0,0,1358,
Nehuén Pérez,2018,3,0,0,2,0,0,186,
Nehuén Pérez,2019,26,1,0,6,0,1,2316,
Nehuén Pérez,2020,26,0,0,8,0,0,1447,
Nehuén Pérez,2021,14,0,1,5,0,0,1204,
Kevin Lasagna,2018,37,6,1,2,0,0,2568,
Kevin Lasagna,2019,39,12,3,1,0,0,2796,
Kevin Lasagna,2020,37,4,1,1,0,0,2475,
Kevin Lasagna,2021,22,1,4,0,0,0,948,
Gregor Kobel,2018,25,0,0,0,0,52,6,2230.0
Gregor Kobel,2019,31,0,0,0,0,37,11,2722.0
Gregor Kobel,2020,34,0,0,0,0,54,6,3060.0
Gregor Kobel,2021,37,0,0,0,0,56,10,3285.0
Leonardo Balerdi,2018,9,1,0,2,0,0,810,
Leonardo Balerdi,2019,16,0,0,3,0,0,855,
Leonardo Balerdi,2020,25,2,0,6,1,1,1973,
Leonardo Balerdi,2021,24,0,0,5,0,1,1271,
Francesco Cassata,2018,19,2,2,9,0,1,1129,
Francesco Cassata,2019,26,2,1,9,1,1,1675,
Francesco Cassata,2020,9,0,0,2,0,0,238,
Francesco Cassata,2021,3,0,0,0,0,0,62,
Felix Uduokhai,2018,12,0,0,2,0,0,235,
Felix Uduokhai,2019,27,0,0,3,0,0,1991,
Felix Uduokhai,2020,31,1,0,5,0,0,2790,
Felix Uduokhai,2021,11,0,0,2,0,0,742,
Simone Muratore,2018,36,2,4,10,0,0,2397,
Simone Muratore,2019,23,1,0,6,0,0,1200,
Simone Muratore,2020,25,2,0,4,0,0,1294,
Simone Muratore,2021,3,0,0,0,0,0,101,
Amine Gouiri,2018,5,2,1,1,0,0,346,
Amine Gouiri,2019,21,11,3,1,0,0,1356,
Amine Gouiri,2020,41,16,8,6,0,0,3303,
Amine Gouiri,2021,33,12,8,3,0,0,2541,
Leonardo Bittencourt,2018,26,1,4,1,0,0,1324,
Leonardo Bittencourt,2019,33,6,2,10,0,0,2125,
Leonardo Bittencourt,2020,29,5,2,3,0,0,1642,
Leonardo Bittencourt,2021,15,2,2,5,0,0,1008,
Alexander Schwolow,2018,35,0,1,0,0,64,5,3180.0
Alexander Schwolow,2019,25,0,0,0,0,32,5,2212.0
Alexander Schwolow,2020,27,0,0,0,0,44,8,2430.0
Alexander Schwolow,2021,27,0,1,0,0,55,5,2430.0
Ondrej Duda,2018,35,11,7,8,0,0,2865,
Ondrej Duda,2019,22,1,3,3,0,0,1486,
Ondrej Duda,2020,37,7,8,6,1,0,2853,
Ondrej Duda,2021,30,2,1,5,0,0,1649,
Sebastian Andersson,2018,38,13,7,3,0,0,2947,
Sebastian Andersson,2019,36,13,3,5,0,0,2873,
Sebastian Andersson,2020,18,5,1,1,0,0,1235,
Sebastian Andersson,2021,28,3,1,3,0,0,1363,
Simon Kjaer,2018,37,0,0,6,0,0,3035,
Simon Kjaer,2019,25,0,0,5,0,0,2006,
Simon Kjaer,2020,39,1,2,6,0,0,3268,
Simon Kjaer,2021,14,0,0,2,0,0,1073,
Mijat Gacinovic,2018,45,2,9,4,0,0,2913,
Mijat Gacinovic,2019,36,1,2,3,0,0,1651,
Mijat Gacinovic,2020,32,1,3,7,0,0,1394,
Mijat Gacinovic,2021,14,0,3,2,0,0,622,
Ola Aina,2018,32,1,3,6,0,1,2265,
Ola Aina,2019,37,0,3,9,0,0,2347,
Ola Aina,2020,33,2,1,3,0,0,2859,
Ola Aina,2021,18,0,0,4,0,0,1273,
Javi Ontiveros,2018,34,5,4,11,0,1,2096,
Javi Ontiveros,2019,35,3,2,2,0,0,1244,
Javi Ontiveros,2020,21,2,2,5,0,0,959,
Javi Ontiveros,2021,13,1,2,3,0,0,790,
Eden Hazard,2018,52,21,17,2,0,0,3878,
Eden Hazard,2019,22,1,7,1,0,0,1545,
Eden Hazard,2020,21,4,1,0,0,0,896,
Eden Hazard,2021,22,1,2,1,0,0,877,
Antoine Griezmann,2018,48,21,10,8,0,0,4068,
Antoine Griezmann,2019,48,15,4,4,0,0,3499,
Antoine Griezmann,2020,51,20,13,5,0,0,3903,
Antoine Griezmann,2021,28,8,5,2,0,1,1811,
Christian Eriksen,2018,51,10,17,4,0,0,4129,
Christian Eriksen,2019,54,7,6,6,0,0,2666,
Christian Eriksen,2020,34,4,0,2,0,0,1693,
Christian Eriksen,2021,3,0,1,1,0,0,218,
Philippe Coutinho,2018,54,11,5,2,0,0,3345,
Philippe Coutinho,2019,38,11,9,0,0,0,2145,
Philippe Coutinho,2020,14,3,2,0,0,0,792,
Philippe Coutinho,2021,26,6,3,1,0,0,1386,
Harry Maguire,2018,32,3,0,6,0,1,2689,
Harry Maguire,2019,55,3,3,9,0,0,4962,
Harry Maguire,2020,52,2,2,15,0,0,4653,
Harry Maguire,2021,31,2,0,7,1,0,2699,
Lucas Hernández,2018,22,1,0,7,0,0,1770,
Lucas Hernández,2019,25,0,2,4,0,0,1119,
Lucas Hernández,2020,37,1,3,8,0,0,2691,
Lucas Hernández,2021,28,0,1,8,0,0,2186,
Nicolas Pépé,2018,41,23,12,1,0,0,3537,
Nicolas Pépé,2019,42,8,10,4,0,0,2717,
Nicolas Pépé,2020,47,16,5,1,0,1,2929,
Nicolas Pépé,2021,18,3,5,0,0,0,864,
Rodri,2018,47,3,1,5,0,0,3675,
Rodri,2019,52,4,2,13,0,0,3679,
Rodri,2020,53,2,5,7,0,0,3990,
Rodri,2021,33,3,1,7,0,0,2775,
Mauro Icardi,2018,37,17,5,0,0,0,2972,
Mauro Icardi,2019,34,20,4,1,0,0,2185,
Mauro Icardi,2020,28,13,6,2,0,0,1702,
Mauro Icardi,2021,29,5,0,1,0,0,1307,
Romelu Lukaku,2018,45,15,4,5,0,0,3001,
Romelu Lukaku,2019,51,34,6,2,0,0,4189,
Romelu Lukaku,2020,44,30,10,7,0,0,3565,
Romelu Lukaku,2021,34,12,2,0,0,0,2247,
João Cancelo,2018,34,1,5,6,0,0,2599,
João Cancelo,2019,33,1,1,5,0,0,2356,
João Cancelo,2020,43,3,6,9,0,1,3324,
João Cancelo,2021,39,3,8,7,0,0,3422,
Tanguy Ndombélé,2018,49,3,8,3,0,0,3878,
Tanguy Ndombélé,2019,29,2,4,4,0,0,1446,
Tanguy Ndombélé,2020,46,6,4,4,0,0,2828,
Tanguy Ndombélé,2021,23,2,2,3,0,0,1459,
Luka Jovic,2018,48,27,7,2,0,0,3302,
Luka Jovic,2019,27,2,2,2,0,0,806,
Luka Jovic,2020,23,4,1,2,0,0,1095,
Luka Jovic,2021,17,1,2,1,0,0,473,
Nabil Fekir,2018,39,12,9,8,0,0,2815,
Nabil Fekir,2019,33,7,7,6,2,0,2769,
Nabil Fekir,2020,38,5,6,5,0,1,2860,
Nabil Fekir,2021,38,10,8,10,0,2,3165,
Aaron Wan-Bissaka,2018,39,0,4,4,0,1,3473,
Aaron Wan-Bissaka,2019,46,0,4,9,0,0,4047,
Aaron Wan-Bissaka,2020,54,2,6,5,0,0,4709,
Aaron Wan-Bissaka,2021,24,0,0,2,0,1,2033,
Sébastien Haller,2018,41,20,12,5,0,0,3120,
Sébastien Haller,2019,35,7,2,1,0,0,2475,
Sébastien Haller,2020,42,20,8,2,0,0,3087,
Sébastien Haller,2021,35,33,9,6,0,0,2949,
Julian Brandt,2018,43,10,17,0,0,0,3337,
Julian Brandt,2019,42,7,13,1,0,0,2876,
Julian Brandt,2020,45,4,2,0,0,0,1985,
Julian Brandt,2021,33,5,9,2,0,0,2246,
Giovani Lo Celso,2018,46,16,6,10,1,0,3497,
Giovani Lo Celso,2019,37,2,3,8,0,0,2152,
Giovani Lo Celso,2020,28,5,1,5,0,0,1524,
Giovani Lo Celso,2021,28,1,2,0,0,0,1560,
Giovani Lo Celso,2018,46,16,6,10,1,0,3497,
Giovani Lo Celso,2019,37,2,3,8,0,0,2152,
Giovani Lo Celso,2020,28,5,1,5,0,0,1524,
Giovani Lo Celso,2021,28,1,2,0,0,0,1560,
Ferland Mendy,2018,44,3,3,3,0,0,3611,
Ferland Mendy,2019,32,1,4,7,1,0,2403,
Ferland Mendy,2020,38,2,0,5,0,0,3260,
Ferland Mendy,2021,26,1,2,7,0,0,2076,
Mateo Kovacic,2018,51,0,2,5,0,0,3087,
Mateo Kovacic,2019,47,2,3,10,1,0,3281,
Mateo Kovacic,2020,42,0,2,7,0,0,2688,
Mateo Kovacic,2021,35,2,5,6,0,0,2380,
Youri Tielemans,2018,43,8,6,11,0,0,3676,
Youri Tielemans,2019,44,5,8,2,0,0,3393,
Youri Tielemans,2020,51,9,6,8,0,0,4437,
Youri Tielemans,2021,36,7,3,2,0,0,2916,
Konstantinos Manolas,2018,35,2,0,6,0,0,3077,
Konstantinos Manolas,2019,35,4,0,3,0,0,2988,
Konstantinos Manolas,2020,33,0,1,5,0,0,2570,
Konstantinos Manolas,2021,19,0,0,5,0,0,1379,
Erling Haaland,2018,10,5,1,1,0,0,555,
Erling Haaland,2019,40,44,10,4,0,0,2751,
Erling Haaland,2020,41,41,12,4,0,0,3540,
Erling Haaland,2021,23,23,6,3,0,0,1765,
Duván Zapata,2018,48,28,8,6,0,0,3654,
Duván Zapata,2019,33,19,9,2,0,0,2359,
Duván Zapata,2020,49,19,14,0,0,0,3203,
Duván Zapata,2021,23,12,7,4,0,0,1681,
Joelinton,2018,35,11,9,6,0,0,2647,
Joelinton,2019,44,4,4,7,0,0,3118,
Joelinton,2020,36,6,3,3,0,0,2285,
Joelinton,2021,28,2,1,6,0,0,2062,
Paco Alcácer,2018,32,19,2,1,0,0,1634,
Paco Alcácer,2019,29,11,4,1,0,0,1773,
Paco Alcácer,2020,39,12,5,0,0,0,2186,
Paco Alcácer,2021,13,4,4,1,0,0,666,
Wissam Ben Yedder,2018,54,30,11,3,0,0,4025,
Wissam Ben Yedder,2019,31,19,9,3,0,0,2455,
Wissam Ben Yedder,2020,41,22,9,2,0,0,2928,
Wissam Ben Yedder,2021,43,24,6,1,0,0,2845,
Moise Kean,2018,17,7,0,2,0,0,661,
Moise Kean,2019,33,2,2,1,0,0,1024,
Moise Kean,2020,45,19,1,5,0,0,2472,
Moise Kean,2021,34,5,2,3,0,1,1138,
Pablo Sarabia,2018,52,23,17,10,1,0,3729,
Pablo Sarabia,2019,40,14,8,2,0,0,2409,
Pablo Sarabia,2020,37,7,4,3,0,0,1700,
Pablo Sarabia,2021,39,15,9,6,0,0,2597,
Maxi Gómez,2018,36,13,5,4,1,0,2996,
Maxi Gómez,2019,43,10,4,6,0,0,2824,
Maxi Gómez,2020,31,7,5,6,0,1,2700,
Maxi Gómez,2021,26,3,2,6,1,1,1762,
Aaron Ramsey,2018,40,6,8,0,0,0,2171,
Aaron Ramsey,2019,35,4,1,3,0,0,1384,
Aaron Ramsey,2020,30,2,5,3,0,0,1543,
Aaron Ramsey,2021,11,1,1,1,0,0,369,
Ante Rebic,2018,38,10,6,6,1,0,2514,
Ante Rebic,2019,36,15,5,7,0,2,2056,
Ante Rebic,2020,33,11,9,5,0,1,2072,
Ante Rebic,2021,23,3,2,3,0,0,913,
Thorgan Hazard,2018,35,13,12,1,0,0,3058,
Thorgan Hazard,2019,43,7,14,5,0,0,3095,
Thorgan Hazard,2020,28,4,6,1,0,0,1351,
Thorgan Hazard,2021,28,6,1,1,0,0,1492,
Danilo,2018,22,1,1,4,0,0,1479,
Danilo,2019,32,2,0,2,1,0,2152,
Danilo,2020,46,1,4,9,0,0,3831,
Danilo,2021,24,1,2,6,0,0,2046,
Paco Alcácer,2018,32,19,2,1,0,0,1634,
Paco Alcácer,2019,29,11,4,1,0,0,1773,
Paco Alcácer,2020,39,12,5,0,0,0,2186,
Paco Alcácer,2021,13,4,4,1,0,0,666,
Nicolò Barella,2018,38,1,4,8,2,0,3383,
Nicolò Barella,2019,41,4,8,15,0,0,3085,
Nicolò Barella,2020,46,3,13,7,0,0,3738,
Nicolò Barella,2021,37,2,10,7,0,1,3031,
Jasper Cillessen,2018,11,0,0,0,0,13,3,990.0
Jasper Cillessen,2019,30,0,1,0,0,41,6,2637.0
Jasper Cillessen,2020,10,0,0,0,0,11,3,900.0
Jasper Cillessen,2021,15,0,1,0,0,26,3,1278.0
Dejan Kulusevski,2018,26,11,14,5,0,0,2082,
Dejan Kulusevski,2019,39,10,9,3,0,0,3064,
Dejan Kulusevski,2020,47,7,7,8,0,0,2738,
Dejan Kulusevski,2021,38,4,7,3,0,0,1781,
Abdou Diallo,2018,38,1,1,2,0,1,3257,
Abdou Diallo,2019,23,0,1,4,0,0,1588,
Abdou Diallo,2020,36,0,2,1,1,1,2538,
Abdou Diallo,2021,16,0,1,2,0,0,1222,
Mats Hummels,2018,33,2,2,4,0,0,2849,
Mats Hummels,2019,41,1,3,8,1,0,3483,
Mats Hummels,2020,48,6,1,8,0,0,4089,
Mats Hummels,2021,30,1,2,5,0,1,2342,
Kieran Trippier,2018,38,1,5,3,0,0,3174,
Kieran Trippier,2019,33,0,5,2,0,0,2730,
Kieran Trippier,2020,35,0,6,0,0,0,3086,
Kieran Trippier,2021,23,2,0,1,0,0,1606,
Tiemoué Bakayoko,2018,42,1,1,8,1,0,3274,
Tiemoué Bakayoko,2019,23,1,2,4,0,1,1899,
Tiemoué Bakayoko,2020,44,2,2,5,1,0,2658,
Tiemoué Bakayoko,2021,17,0,0,4,0,0,597,
Adrien Rabiot,2018,20,2,2,3,0,0,1435,
Adrien Rabiot,2019,37,1,1,5,1,0,2476,
Adrien Rabiot,2020,47,5,3,8,1,0,3252,
Adrien Rabiot,2021,36,0,2,5,0,0,2546,
Alexis Sánchez,2018,27,2,4,3,0,0,1240,
Alexis Sánchez,2019,32,4,10,3,1,0,1392,
Alexis Sánchez,2020,38,7,8,2,0,0,1556,
Alexis Sánchez,2021,31,7,5,0,1,0,1201,
Ayoze Pérez,2018,41,13,4,3,0,0,3004,
Ayoze Pérez,2019,40,8,5,0,0,0,2520,
Ayoze Pérez,2020,36,3,1,2,0,0,1883,
Ayoze Pérez,2021,16,1,3,0,0,1,596,
Franck Kessié,2018,42,7,3,9,0,1,3625,
Franck Kessié,2019,38,4,2,4,0,0,3094,
Franck Kessié,2020,50,14,6,10,0,0,4171,
Franck Kessié,2021,30,6,1,1,1,0,2171,
Kerem Demirbay,2018,32,4,11,9,0,0,2481,
Kerem Demirbay,2019,40,2,11,5,1,0,2725,
Kerem Demirbay,2020,37,5,9,4,0,0,2489,
Kerem Demirbay,2021,33,3,7,11,0,1,2420,
Krzysztof Piatek,2018,42,30,1,5,0,0,3410,
Krzysztof Piatek,2019,36,10,2,3,0,0,2371,
Krzysztof Piatek,2020,32,7,2,4,0,0,1632,
Krzysztof Piatek,2021,21,7,1,0,0,0,1092,
Cristian Romero,2018,29,2,1,10,1,1,2519,
Cristian Romero,2019,33,1,2,14,1,0,2880,
Cristian Romero,2020,42,3,5,15,0,0,3532,
Cristian Romero,2021,24,1,0,10,1,0,2011,
Alex Iwobi,2018,51,6,9,0,0,0,2839,
Alex Iwobi,2019,29,2,1,0,0,0,1941,
Alex Iwobi,2020,36,2,3,0,0,0,1883,
Alex Iwobi,2021,21,3,2,1,0,0,1274,
Marcos Llorente,2018,16,2,0,2,0,0,1179,
Marcos Llorente,2019,36,5,5,5,0,0,1718,
Marcos Llorente,2020,45,13,12,8,0,0,3618,
Marcos Llorente,2021,30,0,3,4,0,0,2406,
Gelson Martins,2018,29,5,4,2,0,0,1919,
Gelson Martins,2019,23,4,1,3,0,1,1862,
Gelson Martins,2020,27,3,4,3,0,0,1739,
Gelson Martins,2021,43,5,3,2,0,0,2558,
William Saliba,2018,22,0,0,2,0,0,1816,
William Saliba,2019,17,0,0,1,0,0,1441,
William Saliba,2020,30,1,0,5,1,0,2658,
William Saliba,2021,40,0,0,6,0,0,3595,
Idrissa Gueye,2018,35,0,2,7,0,0,3005,
Idrissa Gueye,2019,34,1,3,3,0,0,2645,
Idrissa Gueye,2020,44,2,2,6,1,1,2433,
Idrissa Gueye,2021,26,4,0,3,0,0,1688,
Ismaïla Sarr,2018,50,13,11,7,0,0,4122,
Ismaïla Sarr,2019,30,6,6,1,0,0,2130,
Ismaïla Sarr,2020,40,13,10,6,0,0,3522,
Ismaïla Sarr,2021,16,5,1,2,0,0,1346,
Matteo Politano,2018,48,6,6,5,0,1,3438,
Matteo Politano,2019,35,2,2,2,0,0,1198,
Matteo Politano,2020,50,12,5,5,0,0,2669,
Matteo Politano,2021,33,3,7,2,0,0,1687,
Ivan Perisic,2018,45,9,8,7,0,0,3601,
Ivan Perisic,2019,35,8,10,2,0,0,1756,
Ivan Perisic,2020,42,5,5,4,0,0,2287,
Ivan Perisic,2021,38,5,4,3,0,0,2937,
Emre Can,2018,37,4,1,9,0,0,2255,
Emre Can,2019,23,2,1,7,0,1,1415,
Emre Can,2020,40,2,5,7,0,0,3142,
Emre Can,2021,22,3,0,4,0,1,1446,
Suso,2018,41,8,10,8,1,0,3446,
Suso,2019,40,3,3,2,0,0,2635,
Suso,2020,44,4,6,2,0,0,2874,
Suso,2021,12,0,1,1,0,0,615,
Santi Mina,2018,45,13,6,6,0,0,2706,
Santi Mina,2019,36,8,4,5,0,0,2121,
Santi Mina,2020,35,13,4,5,0,0,2448,
Santi Mina,2021,31,9,5,4,0,0,2287,
Dani Ceballos,2018,34,3,2,5,0,0,1922,
Dani Ceballos,2019,37,2,2,2,0,0,2342,
Dani Ceballos,2020,40,0,3,4,1,0,2369,
Dani Ceballos,2021,7,0,1,1,0,0,75,
Leonardo Spinazzola,2018,14,1,1,0,0,0,912,
Leonardo Spinazzola,2019,32,2,3,3,0,0,2160,
Leonardo Spinazzola,2020,39,2,8,0,0,0,2761,
Leonardo Spinazzola,2021,0,0,0,0,0,0,0,
Rafael Leão,2018,26,8,2,3,0,0,1382,
Rafael Leão,2019,33,6,3,0,0,0,1475,
Rafael Leão,2020,40,7,6,6,0,0,2502,
Rafael Leão,2021,33,11,6,4,0,0,2409,
Pablo Fornals,2018,50,5,6,5,0,0,3440,
Pablo Fornals,2019,40,4,6,3,0,0,2422,
Pablo Fornals,2020,36,6,4,3,0,0,2762,
Pablo Fornals,2021,42,6,4,4,0,0,2789,
Borja Iglesias,2018,43,20,3,5,0,0,3499,
Borja Iglesias,2019,40,6,5,3,0,1,2311,
Borja Iglesias,2020,32,13,0,2,0,0,1614,
Borja Iglesias,2021,42,16,2,4,0,0,2268,
André Gomes,2018,29,1,2,7,0,0,2120,
André Gomes,2019,20,0,1,6,0,0,1550,
André Gomes,2020,32,0,2,4,0,0,1922,
André Gomes,2021,17,1,2,6,0,0,859,
Jean-Philippe Gbamin,2018,33,2,1,3,0,0,2869,
Jean-Philippe Gbamin,2019,2,0,0,0,0,0,135,
Jean-Philippe Gbamin,2020,1,0,0,0,0,0,11,
Jean-Philippe Gbamin,2021,10,1,2,1,0,0,633,
Patrick Cutrone,2018,43,9,2,2,0,0,1910,
Patrick Cutrone,2019,45,8,6,2,0,0,1804,
Patrick Cutrone,2020,24,0,1,0,0,0,485,
Patrick Cutrone,2021,25,2,2,2,0,0,1301,
Matteo Politano,2018,48,6,6,5,0,1,3438,
Matteo Politano,2019,35,2,2,2,0,0,1198,
Matteo Politano,2020,50,12,5,5,0,0,2669,
Matteo Politano,2021,33,3,7,2,0,0,1687,
Radja Nainggolan,2018,36,7,3,3,0,0,2443,
Radja Nainggolan,2019,29,6,7,6,0,0,2279,
Radja Nainggolan,2020,27,1,0,5,0,0,1893,
Radja Nainggolan,2021,30,3,3,6,0,0,2353,
Alex Meret,2018,21,0,0,0,1,18,9,1781.0
Alex Meret,2019,29,0,0,0,0,37,7,2580.0
Alex Meret,2020,28,0,0,0,0,36,7,2520.0
Alex Meret,2021,12,0,1,0,0,19,3,1064.0
Neto,2018,47,0,2,0,0,49,14,4230.0
Neto,2019,5,0,1,0,0,7,1,450.0
Neto,2020,12,0,0,0,0,8,6,1110.0
Neto,2021,3,0,0,0,0,4,0,270.0
Nico Schulz,2018,37,2,9,7,0,0,3139,
Nico Schulz,2019,18,1,0,2,0,0,1164,
Nico Schulz,2020,19,0,0,1,0,0,1008,
Nico Schulz,2021,23,0,2,4,0,0,1310,
Danny Ings,2018,25,8,3,1,0,0,1756,
Danny Ings,2019,42,25,3,3,0,0,3099,
Danny Ings,2020,33,13,4,1,0,0,2531,
Danny Ings,2021,24,5,5,2,0,0,1621,
Jules Koundé,2018,51,2,1,5,1,0,4580,
Jules Koundé,2019,40,2,1,6,0,0,3252,
Jules Koundé,2020,49,4,1,8,0,0,4122,
Jules Koundé,2021,35,1,1,3,0,2,2936,
Mario Hermoso,2018,35,3,0,9,0,0,3106,
Mario Hermoso,2019,23,0,0,4,0,1,1691,
Mario Hermoso,2020,38,2,1,5,0,0,3019,
Mario Hermoso,2021,32,2,1,6,0,1,2293,
Rony Lopes,2018,29,4,2,2,0,0,2199,
Rony Lopes,2019,15,0,1,0,0,0,683,
Rony Lopes,2020,33,5,2,1,0,0,2110,
Rony Lopes,2021,22,2,4,0,0,0,849,
Jeff Reine-Adélaïde,2018,36,3,3,2,0,0,2645,
Jeff Reine-Adélaïde,2019,23,3,4,3,0,0,1195,
Jeff Reine-Adélaïde,2020,19,1,4,2,0,0,1319,
Jeff Reine-Adélaïde,2021,5,0,0,0,0,0,144,
Lucas Tousart,2018,42,1,1,2,2,0,2638,
Lucas Tousart,2019,39,3,3,7,0,0,2844,
Lucas Tousart,2020,27,1,1,7,0,0,2186,
Lucas Tousart,2021,26,1,1,2,0,0,1537,
Joachim Andersen,2018,34,0,0,7,0,0,3090,
Joachim Andersen,2019,32,2,0,4,0,0,2425,
Joachim Andersen,2020,34,1,1,8,0,1,2921,
Joachim Andersen,2021,29,0,1,3,0,0,2465,
Bryan Cristante,2018,44,4,3,10,0,0,3114,
Bryan Cristante,2019,33,1,3,9,0,1,2217,
Bryan Cristante,2020,48,2,2,11,0,0,3289,
Bryan Cristante,2021,38,3,1,8,0,0,2866,
Thiago Mendes,2018,36,0,4,10,0,0,3088,
Thiago Mendes,2019,37,0,7,5,1,0,2699,
Thiago Mendes,2020,35,0,2,6,0,1,2422,
Thiago Mendes,2021,29,1,0,3,0,0,1872,
Junior Firpo,2018,29,3,5,9,0,0,2314,
Junior Firpo,2019,23,1,2,6,0,0,1396,
Junior Firpo,2020,18,1,1,3,0,0,864,
Junior Firpo,2021,23,0,1,9,0,0,1646,
Allan Saint-Maximin,2018,36,6,5,2,0,0,3046,
Allan Saint-Maximin,2019,30,4,7,0,0,0,2182,
Allan Saint-Maximin,2020,26,3,4,0,0,0,1584,
Allan Saint-Maximin,2021,28,5,3,4,0,0,2150,
Henrikh Mkhitaryan,2018,39,6,7,3,0,0,2522,
Henrikh Mkhitaryan,2019,30,9,6,6,0,0,1942,
Henrikh Mkhitaryan,2020,46,15,13,2,0,0,3427,
Henrikh Mkhitaryan,2021,36,3,7,1,1,0,2821,
Ander Herrera,2018,28,3,3,7,0,0,1887,
Ander Herrera,2019,22,1,1,3,0,0,1282,
Ander Herrera,2020,45,1,3,10,0,0,2576,
Ander Herrera,2021,26,4,2,3,0,0,1551,
Dejan Kulusevski,2018,26,11,14,5,0,0,2082,
Dejan Kulusevski,2019,39,10,9,3,0,0,3064,
Dejan Kulusevski,2020,47,7,7,8,0,0,2738,
Dejan Kulusevski,2021,38,4,7,3,0,0,1781,
Dennis Praet,2018,37,2,3,7,0,0,3194,
Dennis Praet,2019,36,1,3,2,0,0,1805,
Dennis Praet,2020,24,2,2,0,0,0,1202,
Dennis Praet,2021,18,2,1,2,0,0,1071,
Pau López,2018,35,0,4,0,0,49,10,3150.0
Pau López,2019,42,0,3,0,0,55,9,3718.0
Pau López,2020,34,0,0,0,1,38,9,2926.0
Pau López,2021,32,0,3,0,0,34,12,2880.0
Simone Verdi,2018,24,4,3,0,0,0,811,
Simone Verdi,2019,34,2,8,4,0,0,2208,
Simone Verdi,2020,34,3,6,7,0,0,1734,
Simone Verdi,2021,10,3,0,1,0,0,464,
Valentino Lazaro,2018,34,3,7,7,0,0,3043,
Valentino Lazaro,2019,26,2,2,2,0,1,1092,
Valentino Lazaro,2020,28,2,1,4,0,0,1503,
Valentino Lazaro,2021,26,0,2,1,0,0,1213,
Tyrone Mings,2018,25,2,0,4,1,0,1910,
Tyrone Mings,2019,36,2,2,8,0,0,3173,
Tyrone Mings,2020,37,2,2,4,1,0,3285,
Tyrone Mings,2021,28,1,3,9,0,0,2468,
Luca Pellegrini,2018,18,0,2,4,2,0,1128,
Luca Pellegrini,2019,24,0,6,10,0,0,1911,
Luca Pellegrini,2020,12,0,1,3,0,0,728,
Luca Pellegrini,2021,16,0,1,6,0,0,971,
Gianluca Mancini,2018,35,6,1,6,0,0,2598,
Gianluca Mancini,2019,41,1,1,15,1,1,3520,
Gianluca Mancini,2020,41,5,2,13,1,0,3530,
Gianluca Mancini,2021,35,1,0,17,1,0,3069,
Christian Kouamé,2018,39,4,6,4,0,0,3163,
Christian Kouamé,2019,19,6,5,1,0,0,1287,
Christian Kouamé,2020,36,2,1,5,0,0,1161,
Christian Kouamé,2021,27,11,5,3,0,1,2222,
André Silva,2018,40,11,3,4,0,0,2839,
André Silva,2019,38,16,5,4,0,0,2563,
André Silva,2020,34,29,10,1,0,0,2953,
André Silva,2021,39,15,8,2,0,0,2541,
Alfonso Pedraza,2018,45,4,5,5,0,0,2861,
Alfonso Pedraza,2019,21,1,0,3,0,0,1350,
Alfonso Pedraza,2020,44,2,4,10,0,0,3282,
Alfonso Pedraza,2021,29,0,6,2,0,0,1756,
Theo Hernández,2018,28,1,2,5,0,1,2336,
Theo Hernández,2019,36,7,5,11,1,0,3099,
Theo Hernández,2020,45,8,8,11,0,0,3935,
Theo Hernández,2021,32,4,9,7,1,1,2743,
Amadou Diawara,2018,19,0,0,5,0,0,970,
Amadou Diawara,2019,31,1,1,7,0,0,2198,
Amadou Diawara,2020,28,1,0,3,1,0,1499,
Amadou Diawara,2021,8,0,1,0,0,0,306,
Stanislav Lobotka,2018,32,0,1,1,0,0,2565,
Stanislav Lobotka,2019,33,0,0,1,0,0,2208,
Stanislav Lobotka,2020,23,0,0,2,0,0,527,
Stanislav Lobotka,2021,20,0,0,1,0,0,1535,
Dodi Lukébakio,2018,34,14,5,6,0,0,2170,
Dodi Lukébakio,2019,33,8,8,2,0,0,2197,
Dodi Lukébakio,2020,30,7,5,2,1,0,1955,
Dodi Lukébakio,2021,27,2,3,2,0,0,1375,
Youssef En-Nesyri,2018,34,11,2,7,0,0,2219,
Youssef En-Nesyri,2019,45,10,2,4,0,0,2564,
Youssef En-Nesyri,2020,52,24,0,4,0,0,3002,
Youssef En-Nesyri,2021,21,3,3,1,1,0,1102,
Emil Audero,2018,37,0,4,0,0,51,12,3330.0
Emil Audero,2019,38,0,1,0,0,63,9,3420.0
Emil Audero,2020,38,0,0,0,0,57,6,3420.0
Emil Audero,2021,22,0,1,0,0,39,4,1935.0
Renato Sanches,2018,24,2,3,3,1,0,782,
Renato Sanches,2019,33,4,1,4,0,0,2060,
Renato Sanches,2020,29,1,4,7,0,0,1653,
Renato Sanches,2021,25,1,5,4,0,0,1705,
Ademola Lookman,2018,24,1,2,0,0,0,830,
Ademola Lookman,2019,13,0,0,0,0,0,377,
Ademola Lookman,2020,35,4,4,5,0,0,2800,
Ademola Lookman,2021,31,6,5,2,0,0,1836,
Diadié Samassékou,2018,45,2,2,11,0,0,3934,
Diadié Samassékou,2019,22,0,1,4,0,0,1399,
Diadié Samassékou,2020,37,0,3,3,0,0,2910,
Diadié Samassékou,2021,18,2,1,5,0,0,1149,
Andrea Petagna,2018,37,17,0,8,0,0,3116,
Andrea Petagna,2019,37,12,1,5,0,0,3123,
Andrea Petagna,2020,36,5,3,0,0,0,1442,
Andrea Petagna,2021,30,4,4,2,0,0,935,
David Luiz,2018,50,3,2,5,0,0,4339,
David Luiz,2019,43,2,1,5,0,2,3644,
David Luiz,2020,40,2,0,2,0,1,2985,
David Luiz,2021,8,0,0,1,0,0,527,
Aarón Martín,2018,34,0,5,3,0,0,2969,
Aarón Martín,2019,23,0,0,2,0,0,1885,
Aarón Martín,2020,25,0,3,1,0,0,1891,
Aarón Martín,2021,24,1,1,5,0,0,1889,
Chris Smalling,2018,34,1,0,2,0,0,3028,
Chris Smalling,2019,37,3,2,4,0,0,3196,
Chris Smalling,2020,21,0,1,4,0,0,1360,
Chris Smalling,2021,27,3,0,0,0,0,1981,
Giovanni Simeone,2018,40,8,4,2,0,0,2524,
Giovanni Simeone,2019,37,12,4,4,0,0,2935,
Giovanni Simeone,2020,33,6,2,1,0,0,1741,
Giovanni Simeone,2021,29,15,4,7,0,0,2006,
Patrick Cutrone,2018,43,9,2,2,0,0,1910,
Patrick Cutrone,2019,45,8,6,2,0,0,1804,
Patrick Cutrone,2020,24,0,1,0,0,0,485,
Patrick Cutrone,2021,25,2,2,2,0,0,1301,
Marko Grujic,2018,23,5,1,5,0,0,1900,
Marko Grujic,2019,31,4,2,9,0,0,2629,
Marko Grujic,2020,41,3,0,6,1,0,1759,
Marko Grujic,2021,27,0,1,3,1,0,982,
Danny Rose,2018,37,0,5,8,0,0,2564,
Danny Rose,2019,29,0,2,8,0,0,2284,
Danny Rose,2020,2,0,1,0,0,0,180,
Danny Rose,2021,9,0,0,5,0,0,779,
Jordan Veretout,2018,37,5,3,13,0,0,3304,
Jordan Veretout,2019,43,7,1,9,0,0,3215,
Jordan Veretout,2020,38,11,5,6,0,0,2550,
Jordan Veretout,2021,39,4,9,7,0,0,2650,
Mario Balotelli,2018,25,8,1,10,0,1,1699,
Mario Balotelli,2019,19,5,0,6,0,1,1409,
Mario Balotelli,2020,14,6,1,4,0,0,547,
Mario Balotelli,2021,27,12,6,9,0,0,1768,
Diego Godín,2018,39,4,3,9,0,0,3347,
Diego Godín,2019,36,2,1,8,0,0,2800,
Diego Godín,2020,28,1,0,3,0,0,2510,
Diego Godín,2021,17,1,2,3,0,0,1330,
Carles Aleñá,2018,35,5,1,6,0,0,1716,
Carles Aleñá,2019,24,1,2,3,0,0,1199,
Carles Aleñá,2020,27,2,2,3,0,0,1537,
Carles Aleñá,2021,25,1,2,6,0,1,1989,
Álvaro Odriozola,2018,22,1,9,2,0,0,1856,
Álvaro Odriozola,2019,10,0,2,1,1,0,613,
Álvaro Odriozola,2020,16,2,0,2,0,0,958,
Álvaro Odriozola,2021,24,1,1,4,0,1,1716,
Lucas Tousart,2018,42,1,1,2,2,0,2638,
Lucas Tousart,2019,39,3,3,7,0,0,2844,
Lucas Tousart,2020,27,1,1,7,0,0,2186,
Lucas Tousart,2021,26,1,1,2,0,0,1537,
Alessandro Florenzi,2018,38,3,3,5,1,0,2891,
Alessandro Florenzi,2019,32,0,1,6,0,1,2014,
Alessandro Florenzi,2020,36,2,1,1,0,0,2734,
Alessandro Florenzi,2021,26,1,0,2,0,0,1377,
Valentino Lazaro,2018,34,3,7,7,0,0,3043,
Valentino Lazaro,2019,26,2,2,2,0,1,1092,
Valentino Lazaro,2020,28,2,1,4,0,0,1503,
Valentino Lazaro,2021,26,0,2,1,0,0,1213,
Guillermo Maripán,2018,25,2,2,5,0,0,2188,
Guillermo Maripán,2019,25,2,0,3,0,0,2206,
Guillermo Maripán,2020,31,5,1,7,0,0,2309,
Guillermo Maripán,2021,32,1,0,9,0,0,2488,
Aurélien Tchouaméni,2018,19,1,0,4,0,0,1353,
Aurélien Tchouaméni,2019,21,0,1,7,0,0,1410,
Aurélien Tchouaméni,2020,42,3,4,7,1,0,3396,
Aurélien Tchouaméni,2021,42,3,2,9,1,0,3514,
Matheus Cunha,2018,39,9,2,3,0,0,1952,
Matheus Cunha,2019,24,5,3,3,0,0,1103,
Matheus Cunha,2020,28,8,7,9,0,0,2242,
Matheus Cunha,2021,27,6,3,4,0,0,895,
Martin Braithwaite,2018,40,8,7,5,0,0,2833,
Martin Braithwaite,2019,38,9,1,4,0,0,2533,
Martin Braithwaite,2020,42,7,4,4,0,0,1716,
Martin Braithwaite,2021,5,2,1,0,0,0,248,
Andrea Petagna,2018,37,17,0,8,0,0,3116,
Andrea Petagna,2019,37,12,1,5,0,0,3123,
Andrea Petagna,2020,36,5,3,0,0,0,1442,
Andrea Petagna,2021,30,4,4,2,0,0,935,
Manuel Lazzari,2018,34,0,9,8,0,0,2932,
Manuel Lazzari,2019,40,1,4,6,0,0,3275,
Manuel Lazzari,2020,39,2,6,2,0,1,3061,
Manuel Lazzari,2021,31,2,1,4,0,0,1436,
Stefano Sensi,2018,30,2,4,8,0,0,2142,
Stefano Sensi,2019,19,3,4,3,0,0,1012,
Stefano Sensi,2020,21,0,0,2,0,1,635,
Stefano Sensi,2021,18,2,0,0,0,0,634,
Andrea Petagna,2018,37,17,0,8,0,0,3116,
Andrea Petagna,2019,37,12,1,5,0,0,3123,
Andrea Petagna,2020,36,5,3,0,0,0,1442,
Andrea Petagna,2021,30,4,4,2,0,0,935,
Pedro Neto,2018,5,0,0,1,0,0,55,
Pedro Neto,2019,44,5,5,6,0,0,1668,
Pedro Neto,2020,35,5,6,4,0,0,2723,
Pedro Neto,2021,5,0,0,0,0,0,130,
Karl Toko Ekambi,2018,43,18,7,5,0,0,2752,
Karl Toko Ekambi,2019,35,8,6,2,0,0,2123,
Karl Toko Ekambi,2020,39,14,7,3,0,0,2905,
Karl Toko Ekambi,2021,31,13,5,4,0,0,2256,
Alphonse Areola,2018,31,0,1,0,0,27,16,2805.0
Alphonse Areola,2019,13,0,1,0,0,14,5,1124.0
Alphonse Areola,2020,37,0,2,0,0,48,10,3330.0
Alphonse Areola,2021,14,0,0,0,0,11,7,1320.0
Munas Dabbur,2018,48,37,16,8,0,0,3664,
Munas Dabbur,2019,24,9,3,4,0,0,1244,
Munas Dabbur,2020,30,10,1,2,0,0,1541,
Munas Dabbur,2021,25,5,6,4,0,0,1166,
Benjamin Lecomte,2018,38,0,1,0,0,43,11,3420.0
Benjamin Lecomte,2019,32,0,1,0,0,48,7,2880.0
Benjamin Lecomte,2020,28,0,1,0,0,27,13,2520.0
Benjamin Lecomte,2021,0,0,1,0,0,0,0,0.0
Diego Demme,2018,39,0,3,7,0,0,2961,
Diego Demme,2019,46,2,0,9,0,0,3170,
Diego Demme,2020,35,3,4,7,0,0,2268,
Diego Demme,2021,20,0,0,5,0,0,906,
Nadiem Amiri,2018,15,3,3,1,0,0,859,
Nadiem Amiri,2019,42,1,6,4,0,1,2561,
Nadiem Amiri,2020,39,5,9,5,0,0,2503,
Nadiem Amiri,2021,25,2,2,0,0,0,818,
Alfred Duncan,2018,28,5,4,8,0,1,2030,
Alfred Duncan,2019,27,2,6,5,0,0,1826,
Alfred Duncan,2020,24,0,2,2,0,0,1319,
Alfred Duncan,2021,27,1,2,2,0,0,1382,
Alban Lafont,2018,38,0,2,0,0,46,10,3375.0
Alban Lafont,2019,29,0,3,0,0,33,11,2610.0
Alban Lafont,2020,40,0,2,0,0,57,5,3600.0
Alban Lafont,2021,29,0,1,0,0,31,8,2610.0
Douglas Luiz,2018,29,0,0,7,0,0,1958,
Douglas Luiz,2019,42,3,2,9,0,0,3148,
Douglas Luiz,2020,34,0,3,8,1,0,2810,
Douglas Luiz,2021,26,1,3,6,0,0,2161,
Stefano Sturaro,2018,8,1,0,2,0,1,410,
Stefano Sturaro,2019,18,1,4,7,0,0,1285,
Stefano Sturaro,2020,17,1,0,7,0,0,935,
Stefano Sturaro,2021,23,0,0,10,0,0,1657,
Martin Hinteregger,2018,41,4,0,3,0,0,3588,
Martin Hinteregger,2019,49,9,3,15,0,0,4259,
Martin Hinteregger,2020,31,2,3,5,0,0,2707,
Martin Hinteregger,2021,30,1,0,6,1,0,2492,
Jean-Kévin Augustin,2018,30,8,2,2,0,0,1339,
Jean-Kévin Augustin,2019,16,1,1,0,0,0,580,
Jean-Kévin Augustin,2020,3,0,0,0,0,0,33,
Jean-Kévin Augustin,2021,10,0,0,0,0,0,261,
Angeliño,2018,43,1,12,6,0,0,3860,
Angeliño,2019,31,1,7,3,0,0,2527,
Angeliño,2020,37,8,11,5,0,0,3162,
Angeliño,2021,34,2,11,3,1,0,2806,
Mattia Caldara,2018,3,0,0,0,0,0,200,
Mattia Caldara,2019,21,0,1,2,0,0,1494,
Mattia Caldara,2020,9,0,0,1,0,0,132,
Mattia Caldara,2021,26,1,1,9,0,0,2283,
Matt Targett,2018,21,1,3,2,0,0,1526,
Matt Targett,2019,32,2,2,4,0,0,2608,
Matt Targett,2020,38,0,2,7,0,0,3405,
Matt Targett,2021,26,1,1,2,0,0,2243,
Merih Demiral,2018,34,3,0,7,0,1,3062,
Merih Demiral,2019,8,1,1,1,0,0,598,
Merih Demiral,2020,24,0,1,4,1,0,1661,
Merih Demiral,2021,32,2,2,9,0,0,2521,
Moussa Diaby,2018,34,4,7,1,0,0,1526,
Moussa Diaby,2019,39,8,8,5,0,0,2551,
Moussa Diaby,2020,43,10,15,5,0,0,3076,
Moussa Diaby,2021,35,16,9,9,1,0,2959,
Xaver Schlager,2018,44,8,4,10,0,0,3501,
Xaver Schlager,2019,29,1,3,5,0,0,2178,
Xaver Schlager,2020,38,2,6,8,0,0,3079,
Xaver Schlager,2021,8,0,1,1,0,0,607,
Youssouf Fofana,2018,22,3,1,1,0,0,1382,
Youssouf Fofana,2019,26,1,2,3,0,0,2070,
Youssouf Fofana,2020,40,0,3,8,1,0,3224,
Youssouf Fofana,2021,37,1,4,6,0,1,2232,
M'Baye Niang,2018,44,14,7,10,0,0,2772,
M'Baye Niang,2019,36,15,2,4,0,0,2882,
M'Baye Niang,2020,17,1,0,0,0,0,640,
M'Baye Niang,2021,17,5,2,3,0,0,401,
Diego Carlos,2018,40,1,0,9,0,0,3514,
Diego Carlos,2019,45,2,1,12,0,0,3961,
Diego Carlos,2020,46,1,0,10,1,0,4050,
Diego Carlos,2021,36,2,0,5,1,0,3134,
Lucas Ocampos,2018,40,5,8,12,1,0,3217,
Lucas Ocampos,2019,44,17,5,10,1,0,3574,
Lucas Ocampos,2020,46,8,4,3,0,0,3399,
Lucas Ocampos,2021,34,8,4,11,0,0,2653,
Keylor Navas,2018,21,0,1,0,0,21,7,1920.0
Keylor Navas,2019,35,0,0,0,0,26,19,3169.0
Keylor Navas,2020,45,0,0,0,0,36,20,3960.0
Keylor Navas,2021,22,0,0,0,1,21,8,1955.0
Alexander Isak,2018,29,19,9,0,0,0,2484,
Alexander Isak,2019,45,16,3,4,0,0,2062,
Alexander Isak,2020,44,17,2,4,0,0,2980,
Alexander Isak,2021,33,8,3,3,0,0,2154,
Riccardo Orsolini,2018,37,10,5,2,0,0,2041,
Riccardo Orsolini,2019,39,9,8,3,0,0,2873,
Riccardo Orsolini,2020,36,9,4,0,0,0,1906,
Riccardo Orsolini,2021,23,5,3,1,0,0,1460,
Valentin Rongier,2018,43,4,7,4,0,0,3639,
Valentin Rongier,2019,31,0,5,3,0,0,2494,
Valentin Rongier,2020,34,1,2,8,0,0,2460,
Valentin Rongier,2021,33,1,2,6,1,0,2399,
Ionut Radu,2018,33,0,0,0,0,46,6,2970.0
Ionut Radu,2019,19,0,1,0,0,37,2,1740.0
Ionut Radu,2020,2,0,0,0,0,1,1,134.0
Ionut Radu,2021,1,0,0,0,0,2,0,120.0
Fabian Delph,2018,20,0,1,1,0,1,1219,
Fabian Delph,2019,20,0,0,4,1,0,1471,
Fabian Delph,2020,10,0,0,2,0,0,413,
Fabian Delph,2021,6,0,0,1,0,0,249,
Ionut Radu,2018,33,0,0,0,0,46,6,2970.0
Ionut Radu,2019,19,0,1,0,0,37,2,1740.0
Ionut Radu,2020,2,0,0,0,0,1,1,134.0
Ionut Radu,2021,1,0,0,0,0,2,0,120.0
Patrik Schick,2018,32,5,3,5,0,0,1745,
Patrik Schick,2019,28,10,3,3,0,0,1628,
Patrik Schick,2020,36,13,2,5,0,0,2292,
Patrik Schick,2021,24,20,3,0,0,0,1702,
Djibril Sidibé,2018,32,0,4,7,0,0,2513,
Djibril Sidibé,2019,28,0,5,3,0,0,2090,
Djibril Sidibé,2020,34,0,2,4,0,0,2270,
Djibril Sidibé,2021,24,0,0,5,0,0,1543,
Martin Ødegaard,2018,39,11,12,4,0,0,3288,
Martin Ødegaard,2019,36,7,9,4,0,0,2934,
Martin Ødegaard,2020,29,2,2,0,0,0,1657,
Martin Ødegaard,2021,30,5,4,2,0,0,2207,
Rafinha,2018,8,1,0,1,0,0,348,
Rafinha,2019,33,4,2,5,0,1,2344,
Rafinha,2020,34,0,7,4,0,0,1646,
Rafinha,2021,17,1,0,0,0,0,886,
Davide Zappacosta,2018,17,0,2,1,0,0,1020,
Davide Zappacosta,2019,9,0,1,0,0,0,446,
Davide Zappacosta,2020,25,4,2,3,0,0,2047,
Davide Zappacosta,2021,34,2,4,6,0,0,2252,
Ionut Radu,2018,33,0,0,0,0,46,6,2970.0
Ionut Radu,2019,19,0,1,0,0,37,2,1740.0
Ionut Radu,2020,2,0,0,0,0,1,1,134.0
Ionut Radu,2021,1,0,0,0,0,2,0,120.0
Roberto Inglese,2018,25,9,2,3,0,0,1968,
Roberto Inglese,2019,19,4,1,1,0,0,897,
Roberto Inglese,2020,14,0,2,2,0,0,573,
Roberto Inglese,2021,21,3,3,1,0,0,984,
Ionut Radu,2018,33,0,0,0,0,46,6,2970.0
Ionut Radu,2019,19,0,1,0,0,37,2,1740.0
Ionut Radu,2020,2,0,0,0,0,1,1,134.0
Ionut Radu,2021,1,0,0,0,0,2,0,120.0
Cristian Romero,2018,29,2,1,10,1,1,2519,
Cristian Romero,2019,33,1,2,14,1,0,2880,
Cristian Romero,2020,42,3,5,15,0,0,3532,
Cristian Romero,2021,24,1,0,10,1,0,2011,
Sergio Reguilón,2018,22,0,3,4,0,0,1796,
Sergio Reguilón,2019,38,3,5,10,0,0,3055,
Sergio Reguilón,2020,36,0,6,7,0,0,2789,
Sergio Reguilón,2021,29,2,3,4,0,0,2121,
Cenk Tosun,2018,29,4,3,4,0,0,1226,
Cenk Tosun,2019,13,2,3,0,0,0,504,
Cenk Tosun,2020,11,4,1,1,0,0,404,
Cenk Tosun,2021,3,0,0,0,0,0,11,
Ionut Radu,2018,33,0,0,0,0,46,6,2970.0
Ionut Radu,2019,19,0,1,0,0,37,2,1740.0
Ionut Radu,2020,2,0,0,0,0,1,1,134.0
Ionut Radu,2021,1,0,0,0,0,2,0,120.0
Jakub Jankto,2018,28,1,1,2,0,0,1180,
Jakub Jankto,2019,31,2,5,9,0,0,2191,
Jakub Jankto,2020,37,6,3,7,0,0,2524,
Jakub Jankto,2021,15,0,1,2,0,1,643,
Amir Rrahmani,2018,26,3,1,8,0,0,2210,
Amir Rrahmani,2019,37,0,1,5,0,0,3349,
Amir Rrahmani,2020,20,1,1,2,0,0,1449,
Amir Rrahmani,2021,35,3,0,7,0,0,2978,
Manuel Locatelli,2018,31,3,4,8,0,0,2028,
Manuel Locatelli,2019,34,0,4,9,0,0,2671,
Manuel Locatelli,2020,34,4,3,9,0,0,2885,
Manuel Locatelli,2021,39,3,5,6,0,0,2812,
Joan Jordán,2018,38,4,4,11,0,0,3012,
Joan Jordán,2019,47,2,3,10,0,0,3242,
Joan Jordán,2020,50,2,7,13,1,0,3340,
Joan Jordán,2021,41,1,1,6,1,0,2687,
Breel Embolo,2018,28,6,4,6,0,0,1881,
Breel Embolo,2019,34,8,8,6,0,0,1901,
Breel Embolo,2020,0,0,0,0,0,0,0,
Breel Embolo,2021,24,6,4,3,0,0,1682,
Henry Onyekuru,2018,44,16,6,8,0,0,3390,
Henry Onyekuru,2019,16,1,3,2,0,0,1031,
Henry Onyekuru,2020,19,5,5,1,0,0,1043,
Henry Onyekuru,2021,27,1,1,0,0,0,1414,
Steven Nzonzi,2018,39,1,2,7,0,0,3275,
Steven Nzonzi,2019,22,0,1,5,0,0,1849,
Steven Nzonzi,2020,40,1,1,9,0,1,3452,
Steven Nzonzi,2021,20,2,1,0,4,0,1812,
Jeison Murillo,2018,7,0,0,4,0,0,562,
Jeison Murillo,2019,30,1,0,6,1,0,2373,
Jeison Murillo,2020,32,2,0,9,1,0,2792,
Jeison Murillo,2021,19,0,0,4,0,0,1358,
Luis Muriel,2018,42,13,6,5,0,0,2560,
Luis Muriel,2019,41,19,1,2,0,0,1551,
Luis Muriel,2020,48,26,11,0,0,0,2088,
Luis Muriel,2021,29,8,6,1,0,0,1414,
Christopher Nkunku,2018,29,4,2,0,0,0,1503,
Christopher Nkunku,2019,44,5,16,3,0,0,2598,
Christopher Nkunku,2020,40,7,11,5,0,0,2797,
Christopher Nkunku,2021,39,26,15,2,0,0,3176,
Pol Lirola,2018,38,2,7,2,0,0,3180,
Pol Lirola,2019,39,1,2,4,0,0,2933,
Pol Lirola,2020,35,2,5,7,0,0,2249,
Pol Lirola,2021,38,1,2,1,0,0,2169,
Ondrej Duda,2018,35,11,7,8,0,0,2865,
Ondrej Duda,2019,22,1,3,3,0,0,1486,
Ondrej Duda,2020,37,7,8,6,1,0,2853,
Ondrej Duda,2021,30,2,1,5,0,0,1649,
Iago Falque,2018,28,6,6,1,0,0,1797,
Iago Falque,2019,16,2,1,0,0,0,753,
Iago Falque,2020,11,1,1,0,0,0,354,
Iago Falque,2021,4,0,0,0,0,0,213,
Denis Suárez,2018,14,2,1,0,0,0,352,
Denis Suárez,2019,28,1,5,3,0,0,1786,
Denis Suárez,2020,37,0,9,10,0,0,2934,
Denis Suárez,2021,31,3,2,4,0,0,2328,
Stefan Lainer,2018,43,1,9,4,0,0,3811,
Stefan Lainer,2019,39,1,4,10,0,0,3433,
Stefan Lainer,2020,45,2,6,5,0,0,3728,
Stefan Lainer,2021,16,1,1,2,0,0,1094,
Stanley Nsoki,2018,19,0,2,4,0,0,1202,
Stanley Nsoki,2019,20,0,1,3,0,0,1520,
Stanley Nsoki,2020,24,0,1,7,0,0,1711,
Stanley Nsoki,2021,33,0,0,3,2,0,2629,
Takumi Minamino,2018,45,14,10,4,0,0,2535,
Takumi Minamino,2019,36,9,11,2,0,0,2092,
Takumi Minamino,2020,27,6,2,2,0,0,1460,
Takumi Minamino,2021,23,9,1,2,0,0,917,
Andy Delort,2018,38,14,7,4,0,0,3242,
Andy Delort,2019,31,12,3,6,0,0,2684,
Andy Delort,2020,34,19,10,4,0,0,2821,
Andy Delort,2021,30,11,4,4,0,0,2161,
Erick Pulgar,2018,30,6,3,6,0,1,2532,
Erick Pulgar,2019,41,7,8,10,0,0,3306,
Erick Pulgar,2020,33,1,3,10,0,0,2206,
Erick Pulgar,2021,12,0,1,3,0,0,579,
Simone Zaza,2018,30,4,4,8,0,1,1515,
Simone Zaza,2019,31,9,5,9,0,0,2177,
Simone Zaza,2020,31,7,0,5,0,0,1652,
Simone Zaza,2021,10,0,0,1,0,0,205,
Hannes Wolf,2018,40,11,12,2,0,0,2730,
Hannes Wolf,2019,5,0,0,0,0,0,53,
Hannes Wolf,2020,43,4,2,2,0,0,1616,
Hannes Wolf,2021,18,0,1,4,0,0,1168,
Munas Dabbur,2018,48,37,16,8,0,0,3664,
Munas Dabbur,2019,24,9,3,4,0,0,1244,
Munas Dabbur,2020,30,10,1,2,0,0,1541,
Munas Dabbur,2021,25,5,6,4,0,0,1166,
Benito Raman,2018,32,11,5,1,0,0,1769,
Benito Raman,2019,28,7,4,4,0,0,1778,
Benito Raman,2020,27,5,0,3,0,0,1397,
Benito Raman,2021,38,12,6,3,0,1,1520,
Téji Savanier,2018,34,6,14,8,0,1,2920,
Téji Savanier,2019,23,7,3,5,0,0,1833,
Téji Savanier,2020,31,5,7,7,0,1,2400,
Téji Savanier,2021,26,7,6,7,1,1,2209,
Jacob Bruun Larsen,2018,30,3,3,1,0,0,1446,
Jacob Bruun Larsen,2019,21,0,2,0,0,0,619,
Jacob Bruun Larsen,2020,22,2,2,0,0,0,810,
Jacob Bruun Larsen,2021,21,5,2,1,0,0,754,
Chicharito,2018,28,8,3,2,0,0,1573,
Chicharito,2019,29,6,0,1,0,0,1659,
Chicharito,2020,21,17,3,4,0,0,1736,
Chicharito,2021,4,2,0,0,0,0,360,
Ellyes Skhiri,2018,38,3,2,5,0,0,3181,
Ellyes Skhiri,2019,33,1,3,4,0,0,2764,
Ellyes Skhiri,2020,37,6,3,6,0,0,3271,
Ellyes Skhiri,2021,16,4,1,3,0,0,1234,
Grégoire Defrel,2018,39,12,2,2,0,0,2514,
Grégoire Defrel,2019,17,3,3,1,0,0,977,
Grégoire Defrel,2020,28,3,2,1,0,0,1330,
Grégoire Defrel,2021,32,2,2,3,0,0,1187,
Harry Wilson,2018,49,18,6,12,0,0,3958,
Harry Wilson,2019,35,7,2,3,0,0,1933,
Harry Wilson,2020,39,7,12,4,0,0,3008,
Harry Wilson,2021,35,11,15,4,0,1,2889,
Diego Laxalt,2018,29,0,1,2,0,0,1276,
Diego Laxalt,2019,26,0,1,4,0,0,1030,
Diego Laxalt,2020,26,1,0,3,0,0,1971,
Diego Laxalt,2021,10,0,0,3,0,0,737,
William Saliba,2018,22,0,0,2,0,0,1816,
William Saliba,2019,17,0,0,1,0,0,1441,
William Saliba,2020,30,1,0,5,1,0,2658,
William Saliba,2021,40,0,0,6,0,0,3595,
Danny Welbeck,2018,14,5,1,1,0,0,604,
Danny Welbeck,2019,20,3,1,0,0,0,997,
Danny Welbeck,2020,24,6,3,0,0,0,1548,
Danny Welbeck,2021,18,3,0,0,0,0,799,
Jürgen Locadia,2018,34,4,2,2,0,0,1730,
Jürgen Locadia,2019,32,6,1,1,0,0,2056,
Jürgen Locadia,2020,9,1,0,0,0,0,358,
Jürgen Locadia,2021,13,1,2,0,0,0,650,
Sergio Rico,2018,33,0,1,0,0,60,6,2970.0
Sergio Rico,2019,10,0,0,0,0,6,6,821.0
Sergio Rico,2020,13,0,0,0,0,9,8,1078.0
Sergio Rico,2021,10,0,0,0,0,18,0,832.0
Lys Mousset,2018,28,2,0,1,0,0,646,
Lys Mousset,2019,33,6,4,1,0,0,1374,
Lys Mousset,2020,13,0,0,0,0,0,342,
Lys Mousset,2021,12,3,1,3,0,0,472,
Rémi Oudin,2018,40,11,4,4,0,0,2819,
Rémi Oudin,2019,30,4,3,2,0,0,2354,
Rémi Oudin,2020,39,4,4,2,0,0,2455,
Rémi Oudin,2021,25,4,5,5,0,0,1576,
Maximilian Wöber,2018,24,0,2,3,0,1,1434,
Maximilian Wöber,2019,34,0,2,4,0,0,2738,
Maximilian Wöber,2020,34,1,0,4,0,0,2829,
Maximilian Wöber,2021,28,4,1,6,0,0,2306,
Sofyan Amrabat,2018,31,1,0,6,0,0,1608,
Sofyan Amrabat,2019,35,1,2,10,0,2,3009,
Sofyan Amrabat,2020,33,0,0,7,0,0,2684,
Sofyan Amrabat,2021,17,1,0,4,0,0,525,
Eddie Salcedo,2018,35,13,4,4,1,0,2280,
Eddie Salcedo,2019,17,1,0,0,0,0,677,
Eddie Salcedo,2020,23,3,2,3,0,0,956,
Eddie Salcedo,2021,10,2,0,1,0,0,492,
Timothy Weah,2018,23,8,1,3,0,0,911,
Timothy Weah,2019,3,0,0,1,0,0,84,
Timothy Weah,2020,37,5,1,2,0,0,1347,
Timothy Weah,2021,28,0,4,1,0,1,1337,
Arthur Zagre,2018,25,1,1,2,0,0,1798,
Arthur Zagre,2019,7,0,0,1,0,0,403,
Arthur Zagre,2020,5,0,0,0,0,0,300,
Arthur Zagre,2021,13,2,0,0,0,0,775,
Ola Aina,2018,32,1,3,6,0,1,2265,
Ola Aina,2019,37,0,3,9,0,0,2347,
Ola Aina,2020,33,2,1,3,0,0,2859,
Ola Aina,2021,18,0,0,4,0,0,1273,
Leandro Cabrera,2018,36,2,1,9,1,0,3127,
Leandro Cabrera,2019,38,3,1,5,0,0,3316,
Leandro Cabrera,2020,39,0,1,6,0,0,3339,
Leandro Cabrera,2021,31,2,0,6,0,0,2820,
Rubén Peña,2018,32,1,2,4,0,0,2734,
Rubén Peña,2019,30,2,3,6,0,0,2219,
Rubén Peña,2020,30,1,1,3,0,0,1795,
Rubén Peña,2021,10,0,0,2,0,0,274,
Fernando Calero,2018,36,1,0,6,0,0,3130,
Fernando Calero,2019,24,0,0,6,0,1,1853,
Fernando Calero,2020,31,1,1,5,0,0,2410,
Fernando Calero,2021,10,0,0,2,0,0,654,
Benjamin André,2018,46,4,4,12,1,0,3926,
Benjamin André,2019,36,2,3,10,0,0,2819,
Benjamin André,2020,43,0,1,13,0,0,3301,
Benjamin André,2021,34,2,1,10,1,0,2862,
Kevin Trapp,2018,45,0,3,0,0,61,12,4048.0
Kevin Trapp,2019,34,0,1,0,0,55,7,3060.0
Kevin Trapp,2020,35,0,0,0,0,57,4,3150.0
Kevin Trapp,2021,35,0,3,0,0,47,5,3180.0
Rogério,2018,35,1,1,10,0,1,2841,
Rogério,2019,18,1,1,7,0,0,1202,
Rogério,2020,29,0,1,4,0,0,1958,
Rogério,2021,19,0,2,5,0,0,1554,
Marc Cucurella,2018,33,2,2,6,0,0,2536,
Marc Cucurella,2019,46,1,6,10,0,0,3749,
Marc Cucurella,2020,39,3,2,9,0,0,3324,
Marc Cucurella,2021,30,0,2,4,0,0,2480,
